subscription_id,user_id,plan_type,start_date,end_date,price,status,created_at
1,1,Premium,2025-08-06 20:09:19,2026-02-26 20:09:19,150000,expired,2025-08-06 20:09:19
2,2,Basic,2025-02-04 18:16:24,2025-06-22 18:16:24,50000,active,2025-02-04 18:16:24
3,3,Premium,2024-01-29 21:34:53,2024-03-19 21:34:53,150000,active,2024-01-29 21:34:53
4,4,Basic,2025-05-24 23:37:11,2025-07-25 23:37:11,50000,expired,2025-05-24 23:37:11
5,5,Premium,2024-07-07 16:10:28,2025-01-11 16:10:28,150000,active,2024-07-07 16:10:28
6,6,Standard,2025-05-24 05:20:45,2025-07-20 05:20:45,100000,active,2025-05-24 05:20:45
7,7,Basic,2025-09-06 20:59:45,2025-11-14 20:59:45,50000,expired,2025-09-06 20:59:45
8,8,Standard,2025-07-23 21:18:00,2026-06-13 21:18:00,100000,expired,2025-07-23 21:18:00
9,9,Premium,2025-07-01 23:43:38,2026-05-27 23:43:38,150000,active,2025-07-01 23:43:38
10,10,Basic,2025-07-11 11:44:46,2025-11-11 11:44:46,50000,expired,2025-07-11 11:44:46
11,11,Basic,2025-05-06 13:32:12,2025-06-28 13:32:12,50000,active,2025-05-06 13:32:12
12,12,Standard,2025-04-29 19:40:18,2025-08-28 19:40:18,100000,active,2025-04-29 19:40:18
13,13,Standard,2025-03-26 14:44:55,2026-02-02 14:44:55,100000,active,2025-03-26 14:44:55
14,14,Premium,2025-01-03 21:09:23,2025-09-25 21:09:23,150000,expired,2025-01-03 21:09:23
15,15,Standard,2024-05-10 14:04:11,2024-09-15 14:04:11,100000,expired,2024-05-10 14:04:11
16,16,Basic,2025-02-19 19:52:36,2025-10-10 19:52:36,50000,active,2025-02-19 19:52:36
17,17,Premium,2024-07-22 04:22:35,2025-02-26 04:22:35,150000,active,2024-07-22 04:22:35
18,18,Standard,2024-07-31 04:29:25,2024-11-17 04:29:25,100000,expired,2024-07-31 04:29:25
19,19,Premium,2025-04-02 22:21:53,2025-09-07 22:21:53,150000,active,2025-04-02 22:21:53
20,20,Premium,2025-04-29 02:16:02,2025-11-28 02:16:02,150000,expired,2025-04-29 02:16:02
21,21,Premium,2025-07-29 07:08:17,2026-04-22 07:08:17,150000,expired,2025-07-29 07:08:17
22,22,Basic,2025-03-28 15:16:33,2026-01-13 15:16:33,50000,active,2025-03-28 15:16:33
23,23,Standard,2024-04-06 09:49:11,2024-11-14 09:49:11,100000,active,2024-04-06 09:49:11
24,24,Standard,2025-08-16 16:03:22,2025-12-01 16:03:22,100000,expired,2025-08-16 16:03:22
25,25,Standard,2025-06-17 00:30:16,2026-02-24 00:30:16,100000,expired,2025-06-17 00:30:16
26,26,Basic,2024-02-21 01:00:07,2024-04-12 01:00:07,50000,active,2024-02-21 01:00:07
27,27,Standard,2024-07-01 04:57:20,2024-11-13 04:57:20,100000,active,2024-07-01 04:57:20
28,28,Basic,2024-04-29 13:35:43,2024-08-16 13:35:43,50000,expired,2024-04-29 13:35:43
29,29,Standard,2025-07-24 22:12:34,2026-05-03 22:12:34,100000,expired,2025-07-24 22:12:34
30,30,Premium,2024-07-17 12:15:39,2025-06-25 12:15:39,150000,expired,2024-07-17 12:15:39
31,31,Standard,2025-02-11 09:50:34,2025-07-25 09:50:34,100000,expired,2025-02-11 09:50:34
32,32,Standard,2024-09-30 01:59:20,2024-11-25 01:59:20,100000,active,2024-09-30 01:59:20
33,33,Basic,2024-02-10 11:38:54,2024-06-12 11:38:54,50000,expired,2024-02-10 11:38:54
34,34,Basic,2024-12-20 14:57:51,2025-11-13 14:57:51,50000,active,2024-12-20 14:57:51
35,35,Premium,2024-04-20 10:43:51,2024-06-26 10:43:51,150000,active,2024-04-20 10:43:51
36,36,Standard,2025-06-04 14:25:56,2026-05-23 14:25:56,100000,expired,2025-06-04 14:25:56
37,37,Standard,2024-01-17 08:43:05,2024-05-27 08:43:05,100000,active,2024-01-17 08:43:05
38,38,Standard,2025-07-03 13:43:28,2026-01-25 13:43:28,100000,expired,2025-07-03 13:43:28
39,39,Basic,2024-11-27 08:43:28,2025-11-19 08:43:28,50000,expired,2024-11-27 08:43:28
40,40,Standard,2024-11-06 00:55:13,2025-07-26 00:55:13,100000,expired,2024-11-06 00:55:13
41,41,Standard,2025-08-26 14:15:16,2026-01-25 14:15:16,100000,active,2025-08-26 14:15:16
42,42,Premium,2024-10-14 03:50:23,2025-03-15 03:50:23,150000,active,2024-10-14 03:50:23
43,43,Premium,2024-09-01 01:31:17,2025-07-01 01:31:17,150000,expired,2024-09-01 01:31:17
44,44,Basic,2024-12-28 19:39:56,2025-11-02 19:39:56,50000,active,2024-12-28 19:39:56
45,45,Basic,2024-07-07 11:40:51,2024-12-18 11:40:51,50000,expired,2024-07-07 11:40:51
46,46,Basic,2024-12-19 08:28:20,2025-07-10 08:28:20,50000,expired,2024-12-19 08:28:20
47,47,Premium,2025-02-17 19:39:47,2026-01-23 19:39:47,150000,active,2025-02-17 19:39:47
48,48,Basic,2025-05-22 07:21:20,2025-08-22 07:21:20,50000,active,2025-05-22 07:21:20
49,49,Basic,2024-05-15 18:29:11,2024-12-26 18:29:11,50000,active,2024-05-15 18:29:11
50,50,Standard,2024-08-03 08:55:33,2025-06-09 08:55:33,100000,expired,2024-08-03 08:55:33
51,51,Basic,2024-08-02 12:37:32,2024-12-08 12:37:32,50000,expired,2024-08-02 12:37:32
52,52,Standard,2025-08-31 14:57:28,2026-08-22 14:57:28,100000,active,2025-08-31 14:57:28
53,53,Premium,2024-01-05 02:30:02,2024-11-03 02:30:02,150000,expired,2024-01-05 02:30:02
54,54,Standard,2025-05-13 14:09:57,2025-07-01 14:09:57,100000,expired,2025-05-13 14:09:57
55,55,Premium,2024-04-16 03:02:37,2025-04-05 03:02:37,150000,active,2024-04-16 03:02:37
56,56,Basic,2024-05-30 01:38:59,2024-11-22 01:38:59,50000,active,2024-05-30 01:38:59
57,57,Premium,2024-11-26 15:19:01,2025-04-17 15:19:01,150000,expired,2024-11-26 15:19:01
58,58,Premium,2024-09-27 08:18:21,2024-11-01 08:18:21,150000,active,2024-09-27 08:18:21
59,59,Premium,2025-07-30 20:06:25,2025-11-03 20:06:25,150000,expired,2025-07-30 20:06:25
60,60,Basic,2024-11-24 16:19:51,2025-06-14 16:19:51,50000,active,2024-11-24 16:19:51
61,61,Premium,2024-01-07 16:56:40,2024-11-17 16:56:40,150000,active,2024-01-07 16:56:40
62,62,Standard,2024-06-27 18:14:16,2025-05-27 18:14:16,100000,active,2024-06-27 18:14:16
63,63,Standard,2025-03-26 15:10:38,2025-08-28 15:10:38,100000,active,2025-03-26 15:10:38
64,64,Premium,2024-06-13 21:23:13,2025-02-05 21:23:13,150000,active,2024-06-13 21:23:13
65,65,Basic,2024-10-14 08:08:42,2025-01-06 08:08:42,50000,expired,2024-10-14 08:08:42
66,66,Standard,2025-02-15 00:25:43,2026-01-07 00:25:43,100000,active,2025-02-15 00:25:43
67,67,Premium,2025-04-05 12:10:01,2025-12-05 12:10:01,150000,expired,2025-04-05 12:10:01
68,68,Premium,2024-12-30 23:08:47,2025-11-03 23:08:47,150000,active,2024-12-30 23:08:47
69,69,Standard,2024-11-20 02:40:18,2025-01-23 02:40:18,100000,active,2024-11-20 02:40:18
70,70,Basic,2024-07-31 07:58:40,2024-09-18 07:58:40,50000,expired,2024-07-31 07:58:40
71,71,Basic,2024-09-12 10:08:27,2025-06-08 10:08:27,50000,expired,2024-09-12 10:08:27
72,72,Basic,2024-06-23 23:51:21,2025-03-04 23:51:21,50000,expired,2024-06-23 23:51:21
73,73,Basic,2025-01-08 13:06:56,2025-07-09 13:06:56,50000,expired,2025-01-08 13:06:56
74,74,Standard,2024-12-23 16:05:54,2025-07-25 16:05:54,100000,expired,2024-12-23 16:05:54
75,75,Standard,2024-10-18 06:24:26,2025-05-03 06:24:26,100000,active,2024-10-18 06:24:26
76,76,Premium,2025-04-29 18:56:58,2026-01-05 18:56:58,150000,active,2025-04-29 18:56:58
77,77,Standard,2024-05-12 13:02:47,2025-04-13 13:02:47,100000,active,2024-05-12 13:02:47
78,78,Premium,2024-07-05 04:49:10,2025-05-31 04:49:10,150000,expired,2024-07-05 04:49:10
79,79,Premium,2024-05-04 03:19:22,2025-02-01 03:19:22,150000,expired,2024-05-04 03:19:22
80,80,Basic,2025-04-30 22:36:47,2026-02-02 22:36:47,50000,active,2025-04-30 22:36:47
81,81,Basic,2025-01-06 13:52:03,2025-11-09 13:52:03,50000,active,2025-01-06 13:52:03
82,82,Premium,2025-03-03 16:23:29,2025-05-08 16:23:29,150000,active,2025-03-03 16:23:29
83,83,Premium,2025-02-09 17:05:34,2025-04-24 17:05:34,150000,expired,2025-02-09 17:05:34
84,84,Premium,2024-02-03 13:11:01,2024-12-17 13:11:01,150000,active,2024-02-03 13:11:01
85,85,Basic,2024-10-14 08:15:32,2025-03-13 08:15:32,50000,active,2024-10-14 08:15:32
86,86,Standard,2024-02-26 03:22:18,2024-05-06 03:22:18,100000,active,2024-02-26 03:22:18
87,87,Basic,2024-06-13 23:52:19,2025-01-11 23:52:19,50000,active,2024-06-13 23:52:19
88,88,Premium,2024-03-04 06:56:24,2024-06-04 06:56:24,150000,expired,2024-03-04 06:56:24
89,89,Premium,2025-07-18 21:09:46,2026-07-18 21:09:46,150000,active,2025-07-18 21:09:46
90,90,Standard,2025-09-12 06:04:18,2025-10-31 06:04:18,100000,expired,2025-09-12 06:04:18
91,91,Premium,2025-08-23 12:36:59,2026-05-18 12:36:59,150000,active,2025-08-23 12:36:59
92,92,Standard,2025-03-23 03:08:07,2025-06-03 03:08:07,100000,expired,2025-03-23 03:08:07
93,93,Standard,2024-04-02 08:49:27,2024-12-08 08:49:27,100000,active,2024-04-02 08:49:27
94,94,Basic,2025-06-03 06:17:49,2025-08-19 06:17:49,50000,active,2025-06-03 06:17:49
95,95,Standard,2024-02-09 17:49:40,2024-11-07 17:49:40,100000,expired,2024-02-09 17:49:40
96,96,Standard,2025-02-07 20:55:42,2025-04-14 20:55:42,100000,expired,2025-02-07 20:55:42
97,97,Standard,2024-11-25 05:28:54,2025-07-12 05:28:54,100000,expired,2024-11-25 05:28:54
98,98,Standard,2024-11-01 06:00:58,2024-12-24 06:00:58,100000,expired,2024-11-01 06:00:58
99,99,Standard,2024-01-07 19:42:44,2024-06-22 19:42:44,100000,expired,2024-01-07 19:42:44
100,100,Standard,2024-04-08 07:57:33,2025-02-06 07:57:33,100000,active,2024-04-08 07:57:33
101,101,Premium,2025-08-06 11:55:12,2026-02-11 11:55:12,150000,expired,2025-08-06 11:55:12
102,102,Premium,2024-09-12 15:36:39,2024-10-20 15:36:39,150000,active,2024-09-12 15:36:39
103,103,Premium,2025-06-06 00:05:37,2026-05-09 00:05:37,150000,expired,2025-06-06 00:05:37
104,104,Premium,2025-01-05 21:49:34,2025-06-24 21:49:34,150000,expired,2025-01-05 21:49:34
105,105,Basic,2025-03-10 07:40:48,2025-07-07 07:40:48,50000,expired,2025-03-10 07:40:48
106,106,Premium,2024-09-29 01:44:00,2025-01-24 01:44:00,150000,active,2024-09-29 01:44:00
107,107,Basic,2024-07-08 10:46:42,2025-03-25 10:46:42,50000,expired,2024-07-08 10:46:42
108,108,Basic,2024-08-03 05:48:37,2024-09-23 05:48:37,50000,active,2024-08-03 05:48:37
109,109,Premium,2025-01-15 21:20:05,2025-04-18 21:20:05,150000,expired,2025-01-15 21:20:05
110,110,Basic,2024-04-25 11:14:48,2025-03-12 11:14:48,50000,active,2024-04-25 11:14:48
111,111,Standard,2024-12-24 15:13:21,2025-04-27 15:13:21,100000,expired,2024-12-24 15:13:21
112,112,Premium,2025-03-20 03:16:06,2026-02-09 03:16:06,150000,active,2025-03-20 03:16:06
113,113,Standard,2025-03-11 00:11:13,2025-04-16 00:11:13,100000,expired,2025-03-11 00:11:13
114,114,Basic,2024-07-12 09:02:49,2025-04-17 09:02:49,50000,active,2024-07-12 09:02:49
115,115,Premium,2025-08-03 21:58:27,2026-01-20 21:58:27,150000,active,2025-08-03 21:58:27
116,116,Basic,2024-07-24 05:18:10,2024-09-29 05:18:10,50000,active,2024-07-24 05:18:10
117,117,Premium,2024-09-06 22:01:27,2024-10-08 22:01:27,150000,active,2024-09-06 22:01:27
118,118,Premium,2024-02-22 14:09:03,2024-06-27 14:09:03,150000,active,2024-02-22 14:09:03
119,119,Premium,2024-05-25 14:24:56,2025-05-18 14:24:56,150000,active,2024-05-25 14:24:56
120,120,Premium,2025-02-27 01:39:04,2025-06-03 01:39:04,150000,active,2025-02-27 01:39:04
121,121,Premium,2024-09-28 12:46:25,2024-11-03 12:46:25,150000,expired,2024-09-28 12:46:25
122,122,Premium,2025-06-01 07:18:42,2025-09-02 07:18:42,150000,expired,2025-06-01 07:18:42
123,123,Standard,2024-09-21 09:49:37,2025-05-12 09:49:37,100000,expired,2024-09-21 09:49:37
124,124,Basic,2024-10-21 21:23:15,2025-08-26 21:23:15,50000,active,2024-10-21 21:23:15
125,125,Standard,2025-08-03 22:35:07,2025-12-09 22:35:07,100000,active,2025-08-03 22:35:07
126,126,Standard,2024-11-09 05:06:16,2025-09-16 05:06:16,100000,expired,2024-11-09 05:06:16
127,127,Standard,2025-08-07 03:31:09,2025-11-22 03:31:09,100000,active,2025-08-07 03:31:09
128,128,Basic,2025-09-02 21:02:44,2026-08-27 21:02:44,50000,expired,2025-09-02 21:02:44
129,129,Standard,2025-02-26 08:52:26,2025-04-15 08:52:26,100000,expired,2025-02-26 08:52:26
130,130,Basic,2025-05-30 04:47:52,2025-10-30 04:47:52,50000,expired,2025-05-30 04:47:52
131,131,Basic,2024-08-15 17:06:47,2025-01-07 17:06:47,50000,expired,2024-08-15 17:06:47
132,132,Standard,2024-04-12 06:40:31,2024-10-28 06:40:31,100000,active,2024-04-12 06:40:31
133,133,Basic,2024-01-29 00:59:23,2025-01-27 00:59:23,50000,active,2024-01-29 00:59:23
134,134,Standard,2025-01-20 18:48:02,2025-08-19 18:48:02,100000,active,2025-01-20 18:48:02
135,135,Premium,2024-11-18 18:29:50,2025-05-23 18:29:50,150000,active,2024-11-18 18:29:50
136,136,Basic,2025-08-31 02:57:39,2026-06-01 02:57:39,50000,active,2025-08-31 02:57:39
137,137,Standard,2024-03-25 22:49:20,2024-07-13 22:49:20,100000,active,2024-03-25 22:49:20
138,138,Basic,2025-04-03 09:03:08,2025-06-23 09:03:08,50000,expired,2025-04-03 09:03:08
139,139,Standard,2025-06-12 03:46:51,2026-06-11 03:46:51,100000,active,2025-06-12 03:46:51
140,140,Basic,2025-08-10 08:09:34,2025-11-09 08:09:34,50000,expired,2025-08-10 08:09:34
141,141,Premium,2025-02-17 22:59:08,2025-05-14 22:59:08,150000,active,2025-02-17 22:59:08
142,142,Premium,2024-01-31 13:50:48,2024-09-22 13:50:48,150000,expired,2024-01-31 13:50:48
143,143,Standard,2025-02-18 21:29:52,2025-05-03 21:29:52,100000,active,2025-02-18 21:29:52
144,144,Standard,2025-06-01 05:23:26,2025-11-15 05:23:26,100000,expired,2025-06-01 05:23:26
145,145,Standard,2024-06-06 09:03:00,2024-11-29 09:03:00,100000,expired,2024-06-06 09:03:00
146,146,Standard,2025-03-23 22:58:21,2025-06-29 22:58:21,100000,expired,2025-03-23 22:58:21
147,147,Basic,2025-01-13 13:57:10,2026-01-04 13:57:10,50000,active,2025-01-13 13:57:10
148,148,Basic,2025-03-13 20:57:05,2025-08-02 20:57:05,50000,expired,2025-03-13 20:57:05
149,149,Standard,2024-05-27 18:38:24,2024-10-27 18:38:24,100000,expired,2024-05-27 18:38:24
150,150,Standard,2024-07-06 04:02:02,2025-05-15 04:02:02,100000,active,2024-07-06 04:02:02
151,151,Standard,2024-05-14 18:19:06,2024-08-14 18:19:06,100000,active,2024-05-14 18:19:06
152,152,Premium,2025-06-25 18:48:16,2025-08-23 18:48:16,150000,expired,2025-06-25 18:48:16
153,153,Standard,2024-06-24 00:48:34,2025-04-18 00:48:34,100000,active,2024-06-24 00:48:34
154,154,Premium,2024-03-26 22:08:39,2025-01-13 22:08:39,150000,active,2024-03-26 22:08:39
155,155,Standard,2024-11-28 12:52:03,2025-08-14 12:52:03,100000,active,2024-11-28 12:52:03
156,156,Standard,2024-08-13 16:00:28,2024-09-27 16:00:28,100000,expired,2024-08-13 16:00:28
157,157,Premium,2025-01-21 21:18:28,2025-06-13 21:18:28,150000,active,2025-01-21 21:18:28
158,158,Standard,2024-05-14 03:29:14,2025-04-07 03:29:14,100000,active,2024-05-14 03:29:14
159,159,Standard,2024-12-14 12:31:42,2025-04-15 12:31:42,100000,active,2024-12-14 12:31:42
160,160,Standard,2025-05-21 01:19:48,2025-07-08 01:19:48,100000,active,2025-05-21 01:19:48
161,161,Premium,2025-03-17 18:03:10,2025-07-22 18:03:10,150000,active,2025-03-17 18:03:10
162,162,Basic,2024-10-02 20:24:24,2025-01-18 20:24:24,50000,expired,2024-10-02 20:24:24
163,163,Standard,2025-07-28 03:21:01,2026-06-18 03:21:01,100000,active,2025-07-28 03:21:01
164,164,Standard,2025-03-20 01:11:35,2025-05-21 01:11:35,100000,expired,2025-03-20 01:11:35
165,165,Basic,2024-12-10 23:57:36,2025-10-03 23:57:36,50000,active,2024-12-10 23:57:36
166,166,Standard,2024-11-04 03:14:17,2025-07-27 03:14:17,100000,active,2024-11-04 03:14:17
167,167,Standard,2024-03-31 21:55:42,2024-07-31 21:55:42,100000,active,2024-03-31 21:55:42
168,168,Basic,2025-01-06 03:07:07,2025-12-07 03:07:07,50000,expired,2025-01-06 03:07:07
169,169,Basic,2024-06-16 23:19:09,2025-02-15 23:19:09,50000,active,2024-06-16 23:19:09
170,170,Basic,2025-05-19 08:11:46,2025-09-30 08:11:46,50000,expired,2025-05-19 08:11:46
171,171,Premium,2024-11-25 16:21:56,2025-02-27 16:21:56,150000,expired,2024-11-25 16:21:56
172,172,Premium,2024-08-07 06:33:10,2025-03-02 06:33:10,150000,expired,2024-08-07 06:33:10
173,173,Basic,2024-05-13 23:14:43,2024-07-18 23:14:43,50000,active,2024-05-13 23:14:43
174,174,Standard,2024-09-19 13:21:11,2025-07-30 13:21:11,100000,expired,2024-09-19 13:21:11
175,175,Premium,2024-04-22 19:19:41,2025-01-14 19:19:41,150000,active,2024-04-22 19:19:41
176,176,Basic,2025-08-22 08:19:09,2026-02-24 08:19:09,50000,expired,2025-08-22 08:19:09
177,177,Premium,2025-06-18 00:14:25,2025-08-25 00:14:25,150000,expired,2025-06-18 00:14:25
178,178,Standard,2024-03-28 13:01:55,2025-01-29 13:01:55,100000,active,2024-03-28 13:01:55
179,179,Premium,2024-12-08 16:09:18,2025-06-05 16:09:18,150000,active,2024-12-08 16:09:18
180,180,Premium,2024-01-01 18:53:46,2024-08-22 18:53:46,150000,active,2024-01-01 18:53:46
181,181,Standard,2024-12-13 11:52:57,2025-07-21 11:52:57,100000,expired,2024-12-13 11:52:57
182,182,Premium,2024-10-06 12:55:59,2025-03-12 12:55:59,150000,active,2024-10-06 12:55:59
183,183,Basic,2025-08-15 13:19:02,2026-03-06 13:19:02,50000,expired,2025-08-15 13:19:02
184,184,Standard,2025-08-13 13:05:56,2025-11-17 13:05:56,100000,active,2025-08-13 13:05:56
185,185,Premium,2024-08-29 20:15:48,2024-11-21 20:15:48,150000,active,2024-08-29 20:15:48
186,186,Premium,2025-06-06 06:40:05,2026-05-23 06:40:05,150000,expired,2025-06-06 06:40:05
187,187,Premium,2024-08-08 09:37:32,2025-05-04 09:37:32,150000,expired,2024-08-08 09:37:32
188,188,Premium,2025-08-23 19:03:28,2025-10-05 19:03:28,150000,expired,2025-08-23 19:03:28
189,189,Basic,2024-05-30 20:32:37,2025-03-14 20:32:37,50000,expired,2024-05-30 20:32:37
190,190,Standard,2024-06-03 20:13:59,2024-08-27 20:13:59,100000,expired,2024-06-03 20:13:59
191,191,Standard,2025-05-03 15:54:42,2025-08-10 15:54:42,100000,expired,2025-05-03 15:54:42
192,192,Basic,2025-04-13 19:11:40,2026-01-24 19:11:40,50000,active,2025-04-13 19:11:40
193,193,Basic,2024-06-14 13:42:14,2024-09-24 13:42:14,50000,expired,2024-06-14 13:42:14
194,194,Standard,2024-07-01 08:01:12,2025-01-12 08:01:12,100000,active,2024-07-01 08:01:12
195,195,Premium,2024-08-02 05:07:23,2024-11-25 05:07:23,150000,active,2024-08-02 05:07:23
196,196,Basic,2025-05-20 20:26:03,2026-05-11 20:26:03,50000,expired,2025-05-20 20:26:03
197,197,Standard,2024-11-16 22:44:54,2025-04-12 22:44:54,100000,expired,2024-11-16 22:44:54
198,198,Basic,2024-06-24 09:44:00,2024-12-29 09:44:00,50000,active,2024-06-24 09:44:00
199,199,Basic,2024-03-05 16:45:55,2024-11-10 16:45:55,50000,active,2024-03-05 16:45:55
200,200,Basic,2025-04-16 09:32:07,2026-02-04 09:32:07,50000,active,2025-04-16 09:32:07
201,201,Basic,2024-05-25 10:04:48,2024-11-10 10:04:48,50000,active,2024-05-25 10:04:48
202,202,Standard,2024-03-10 01:15:23,2024-10-22 01:15:23,100000,active,2024-03-10 01:15:23
203,203,Basic,2025-02-06 13:42:40,2026-01-31 13:42:40,50000,active,2025-02-06 13:42:40
204,204,Premium,2024-02-19 11:07:34,2024-11-02 11:07:34,150000,active,2024-02-19 11:07:34
205,205,Standard,2025-02-01 03:12:55,2025-11-12 03:12:55,100000,active,2025-02-01 03:12:55
206,206,Standard,2025-07-14 14:07:37,2026-02-07 14:07:37,100000,active,2025-07-14 14:07:37
207,207,Standard,2024-08-09 04:21:14,2025-01-23 04:21:14,100000,active,2024-08-09 04:21:14
208,208,Basic,2024-07-16 00:59:19,2025-05-14 00:59:19,50000,active,2024-07-16 00:59:19
209,209,Standard,2024-03-06 05:59:41,2025-01-15 05:59:41,100000,active,2024-03-06 05:59:41
210,210,Premium,2024-08-18 02:16:48,2025-01-29 02:16:48,150000,expired,2024-08-18 02:16:48
211,211,Basic,2025-06-18 20:59:11,2025-09-18 20:59:11,50000,expired,2025-06-18 20:59:11
212,212,Premium,2024-01-09 20:41:38,2024-03-04 20:41:38,150000,active,2024-01-09 20:41:38
213,213,Standard,2025-01-09 07:24:09,2025-04-05 07:24:09,100000,expired,2025-01-09 07:24:09
214,214,Standard,2025-04-09 04:28:32,2026-03-29 04:28:32,100000,active,2025-04-09 04:28:32
215,215,Premium,2025-02-09 07:20:11,2025-07-23 07:20:11,150000,expired,2025-02-09 07:20:11
216,216,Premium,2025-05-04 19:22:25,2025-10-09 19:22:25,150000,active,2025-05-04 19:22:25
217,217,Standard,2024-07-13 12:05:02,2024-10-12 12:05:02,100000,expired,2024-07-13 12:05:02
218,218,Premium,2024-12-01 23:11:26,2025-10-08 23:11:26,150000,expired,2024-12-01 23:11:26
219,219,Premium,2025-01-30 22:31:43,2025-12-18 22:31:43,150000,expired,2025-01-30 22:31:43
220,220,Basic,2024-11-05 12:58:43,2025-09-05 12:58:43,50000,active,2024-11-05 12:58:43
221,221,Basic,2025-05-31 16:06:08,2025-10-16 16:06:08,50000,expired,2025-05-31 16:06:08
222,222,Basic,2024-12-25 09:40:39,2025-07-17 09:40:39,50000,expired,2024-12-25 09:40:39
223,223,Standard,2024-06-02 04:48:09,2025-01-27 04:48:09,100000,expired,2024-06-02 04:48:09
224,224,Premium,2024-06-19 06:55:50,2025-01-28 06:55:50,150000,active,2024-06-19 06:55:50
225,225,Basic,2024-08-31 19:28:06,2025-07-31 19:28:06,50000,expired,2024-08-31 19:28:06
226,226,Premium,2024-09-08 05:16:32,2025-01-20 05:16:32,150000,active,2024-09-08 05:16:32
227,227,Basic,2024-01-06 07:08:23,2024-12-28 07:08:23,50000,expired,2024-01-06 07:08:23
228,228,Basic,2025-05-03 14:32:08,2025-11-28 14:32:08,50000,active,2025-05-03 14:32:08
229,229,Basic,2024-08-07 16:40:43,2025-05-05 16:40:43,50000,expired,2024-08-07 16:40:43
230,230,Premium,2024-12-17 20:19:12,2025-09-08 20:19:12,150000,expired,2024-12-17 20:19:12
231,231,Premium,2025-08-13 19:19:58,2025-12-14 19:19:58,150000,expired,2025-08-13 19:19:58
232,232,Standard,2025-05-03 04:31:32,2025-06-12 04:31:32,100000,expired,2025-05-03 04:31:32
233,233,Premium,2025-04-13 12:18:16,2026-02-05 12:18:16,150000,active,2025-04-13 12:18:16
234,234,Standard,2024-03-20 12:00:21,2025-01-24 12:00:21,100000,expired,2024-03-20 12:00:21
235,235,Standard,2024-04-27 17:43:01,2025-04-08 17:43:01,100000,expired,2024-04-27 17:43:01
236,236,Premium,2024-01-10 06:05:16,2024-10-23 06:05:16,150000,active,2024-01-10 06:05:16
237,237,Premium,2024-01-08 10:53:29,2024-03-16 10:53:29,150000,active,2024-01-08 10:53:29
238,238,Standard,2025-08-26 00:43:39,2025-09-28 00:43:39,100000,active,2025-08-26 00:43:39
239,239,Basic,2025-07-18 11:18:05,2026-07-10 11:18:05,50000,expired,2025-07-18 11:18:05
240,240,Standard,2024-02-02 19:50:11,2024-04-27 19:50:11,100000,expired,2024-02-02 19:50:11
241,241,Premium,2024-10-17 00:15:21,2025-03-11 00:15:21,150000,active,2024-10-17 00:15:21
242,242,Basic,2024-04-26 20:25:39,2024-12-25 20:25:39,50000,expired,2024-04-26 20:25:39
243,243,Basic,2025-07-20 12:05:05,2026-03-14 12:05:05,50000,expired,2025-07-20 12:05:05
244,244,Basic,2024-06-01 01:36:02,2024-10-16 01:36:02,50000,active,2024-06-01 01:36:02
245,245,Basic,2024-11-03 23:14:47,2025-01-20 23:14:47,50000,expired,2024-11-03 23:14:47
246,246,Premium,2024-02-21 11:58:27,2025-02-09 11:58:27,150000,active,2024-02-21 11:58:27
247,247,Premium,2025-03-25 19:52:07,2025-06-18 19:52:07,150000,expired,2025-03-25 19:52:07
248,248,Premium,2025-01-28 18:06:14,2025-05-14 18:06:14,150000,expired,2025-01-28 18:06:14
249,249,Premium,2024-05-30 15:22:45,2025-03-20 15:22:45,150000,expired,2024-05-30 15:22:45
250,250,Premium,2025-05-02 19:22:55,2026-03-25 19:22:55,150000,active,2025-05-02 19:22:55
251,251,Standard,2024-01-17 13:00:49,2024-04-19 13:00:49,100000,expired,2024-01-17 13:00:49
252,252,Premium,2025-07-03 15:47:56,2025-09-04 15:47:56,150000,expired,2025-07-03 15:47:56
253,253,Premium,2024-04-14 17:23:48,2025-04-12 17:23:48,150000,expired,2024-04-14 17:23:48
254,254,Basic,2025-09-07 01:38:15,2026-05-03 01:38:15,50000,expired,2025-09-07 01:38:15
255,255,Basic,2025-01-21 14:02:56,2025-12-07 14:02:56,50000,expired,2025-01-21 14:02:56
256,256,Basic,2025-07-22 23:31:05,2026-06-28 23:31:05,50000,expired,2025-07-22 23:31:05
257,257,Standard,2024-04-10 18:52:01,2025-01-27 18:52:01,100000,expired,2024-04-10 18:52:01
258,258,Standard,2024-09-28 15:06:41,2025-05-20 15:06:41,100000,expired,2024-09-28 15:06:41
259,259,Standard,2024-06-01 21:51:07,2024-12-10 21:51:07,100000,active,2024-06-01 21:51:07
260,260,Standard,2024-06-26 04:05:24,2025-01-16 04:05:24,100000,expired,2024-06-26 04:05:24
261,261,Premium,2024-11-19 18:00:34,2025-04-02 18:00:34,150000,active,2024-11-19 18:00:34
262,262,Standard,2024-12-02 19:14:30,2025-12-02 19:14:30,100000,active,2024-12-02 19:14:30
263,263,Basic,2024-11-07 14:50:29,2025-03-08 14:50:29,50000,expired,2024-11-07 14:50:29
264,264,Basic,2025-03-30 21:25:41,2026-01-28 21:25:41,50000,active,2025-03-30 21:25:41
265,265,Premium,2025-02-07 11:32:02,2026-01-29 11:32:02,150000,active,2025-02-07 11:32:02
266,266,Basic,2025-05-08 23:21:28,2026-01-31 23:21:28,50000,active,2025-05-08 23:21:28
267,267,Standard,2025-01-11 20:00:19,2025-06-08 20:00:19,100000,active,2025-01-11 20:00:19
268,268,Basic,2024-03-02 21:51:03,2024-10-31 21:51:03,50000,expired,2024-03-02 21:51:03
269,269,Basic,2024-05-18 04:43:45,2024-12-04 04:43:45,50000,active,2024-05-18 04:43:45
270,270,Premium,2024-05-11 17:26:30,2024-11-19 17:26:30,150000,active,2024-05-11 17:26:30
271,271,Premium,2024-05-02 13:18:11,2025-01-29 13:18:11,150000,expired,2024-05-02 13:18:11
272,272,Basic,2024-07-13 05:17:49,2025-02-26 05:17:49,50000,active,2024-07-13 05:17:49
273,273,Standard,2024-10-17 17:04:44,2024-12-19 17:04:44,100000,expired,2024-10-17 17:04:44
274,274,Premium,2024-07-09 12:24:47,2025-04-21 12:24:47,150000,expired,2024-07-09 12:24:47
275,275,Premium,2025-06-28 03:47:36,2026-05-24 03:47:36,150000,active,2025-06-28 03:47:36
276,276,Standard,2024-05-09 19:48:21,2024-07-01 19:48:21,100000,active,2024-05-09 19:48:21
277,277,Premium,2024-01-30 13:47:27,2024-05-15 13:47:27,150000,expired,2024-01-30 13:47:27
278,278,Premium,2025-02-26 09:28:37,2026-01-28 09:28:37,150000,active,2025-02-26 09:28:37
279,279,Standard,2024-12-19 23:29:43,2025-03-20 23:29:43,100000,active,2024-12-19 23:29:43
280,280,Basic,2024-04-22 20:18:36,2025-04-05 20:18:36,50000,active,2024-04-22 20:18:36
281,281,Basic,2025-02-23 13:28:48,2025-05-03 13:28:48,50000,active,2025-02-23 13:28:48
282,282,Standard,2025-03-25 00:59:12,2025-11-28 00:59:12,100000,expired,2025-03-25 00:59:12
283,283,Basic,2024-01-16 23:56:47,2024-08-09 23:56:47,50000,active,2024-01-16 23:56:47
284,284,Basic,2024-11-27 02:33:21,2025-01-22 02:33:21,50000,expired,2024-11-27 02:33:21
285,285,Premium,2025-07-14 01:23:18,2025-09-14 01:23:18,150000,expired,2025-07-14 01:23:18
286,286,Premium,2024-12-20 15:07:07,2025-06-22 15:07:07,150000,expired,2024-12-20 15:07:07
287,287,Premium,2025-05-17 05:34:04,2025-12-05 05:34:04,150000,active,2025-05-17 05:34:04
288,288,Basic,2024-03-15 00:46:41,2024-08-02 00:46:41,50000,expired,2024-03-15 00:46:41
289,289,Premium,2024-08-14 00:13:43,2025-04-01 00:13:43,150000,expired,2024-08-14 00:13:43
290,290,Basic,2024-05-15 01:39:51,2025-01-06 01:39:51,50000,active,2024-05-15 01:39:51
291,291,Standard,2025-07-22 22:24:58,2025-11-28 22:24:58,100000,active,2025-07-22 22:24:58
292,292,Standard,2024-04-11 01:36:30,2024-09-02 01:36:30,100000,expired,2024-04-11 01:36:30
293,293,Basic,2024-04-19 19:01:56,2025-03-07 19:01:56,50000,active,2024-04-19 19:01:56
294,294,Premium,2024-05-08 05:51:18,2024-10-23 05:51:18,150000,active,2024-05-08 05:51:18
295,295,Standard,2025-06-03 22:34:59,2025-11-12 22:34:59,100000,expired,2025-06-03 22:34:59
296,296,Premium,2025-07-10 14:35:01,2026-05-27 14:35:01,150000,expired,2025-07-10 14:35:01
297,297,Premium,2025-01-01 16:07:39,2025-04-24 16:07:39,150000,active,2025-01-01 16:07:39
298,298,Basic,2024-09-11 05:27:50,2025-09-05 05:27:50,50000,expired,2024-09-11 05:27:50
299,299,Basic,2025-04-27 11:05:53,2025-12-14 11:05:53,50000,expired,2025-04-27 11:05:53
300,300,Standard,2024-07-26 14:41:26,2024-10-24 14:41:26,100000,active,2024-07-26 14:41:26
301,301,Standard,2024-04-23 15:54:00,2025-03-29 15:54:00,100000,expired,2024-04-23 15:54:00
302,302,Standard,2025-01-12 19:15:35,2025-09-24 19:15:35,100000,active,2025-01-12 19:15:35
303,303,Premium,2024-02-19 01:23:17,2024-04-17 01:23:17,150000,active,2024-02-19 01:23:17
304,304,Standard,2024-11-05 16:41:32,2025-06-05 16:41:32,100000,expired,2024-11-05 16:41:32
305,305,Standard,2024-12-23 08:29:17,2025-03-10 08:29:17,100000,active,2024-12-23 08:29:17
306,306,Basic,2025-08-15 07:31:58,2026-07-02 07:31:58,50000,expired,2025-08-15 07:31:58
307,307,Basic,2025-01-08 18:15:58,2025-11-06 18:15:58,50000,expired,2025-01-08 18:15:58
308,308,Premium,2024-07-25 00:03:46,2024-12-20 00:03:46,150000,active,2024-07-25 00:03:46
309,309,Basic,2024-07-18 16:17:24,2025-04-11 16:17:24,50000,active,2024-07-18 16:17:24
310,310,Basic,2025-07-25 10:05:49,2026-04-26 10:05:49,50000,expired,2025-07-25 10:05:49
311,311,Premium,2024-06-05 03:21:13,2025-01-16 03:21:13,150000,active,2024-06-05 03:21:13
312,312,Standard,2025-08-11 14:06:53,2026-04-05 14:06:53,100000,active,2025-08-11 14:06:53
313,313,Standard,2024-09-17 14:15:30,2025-06-27 14:15:30,100000,expired,2024-09-17 14:15:30
314,314,Standard,2025-06-28 06:08:50,2026-06-10 06:08:50,100000,active,2025-06-28 06:08:50
315,315,Premium,2024-02-29 09:17:55,2025-02-05 09:17:55,150000,expired,2024-02-29 09:17:55
316,316,Basic,2024-03-07 07:50:50,2024-09-15 07:50:50,50000,active,2024-03-07 07:50:50
317,317,Basic,2024-08-05 15:49:28,2024-11-26 15:49:28,50000,active,2024-08-05 15:49:28
318,318,Standard,2025-03-26 20:38:58,2025-10-26 20:38:58,100000,expired,2025-03-26 20:38:58
319,319,Basic,2025-06-30 14:07:23,2026-03-09 14:07:23,50000,expired,2025-06-30 14:07:23
320,320,Premium,2024-05-13 13:10:00,2024-08-04 13:10:00,150000,expired,2024-05-13 13:10:00
321,321,Standard,2024-09-14 18:47:36,2025-08-27 18:47:36,100000,active,2024-09-14 18:47:36
322,322,Premium,2024-10-28 03:21:58,2025-02-26 03:21:58,150000,expired,2024-10-28 03:21:58
323,323,Premium,2024-12-03 02:24:23,2025-10-05 02:24:23,150000,active,2024-12-03 02:24:23
324,324,Standard,2025-07-27 09:01:17,2025-11-01 09:01:17,100000,active,2025-07-27 09:01:17
325,325,Premium,2025-07-21 12:23:11,2026-06-04 12:23:11,150000,active,2025-07-21 12:23:11
326,326,Premium,2025-08-02 00:52:17,2026-04-16 00:52:17,150000,expired,2025-08-02 00:52:17
327,327,Premium,2025-08-21 07:07:38,2026-03-12 07:07:38,150000,expired,2025-08-21 07:07:38
328,328,Premium,2024-12-30 00:48:26,2025-02-06 00:48:26,150000,expired,2024-12-30 00:48:26
329,329,Basic,2025-08-15 07:47:19,2025-11-09 07:47:19,50000,active,2025-08-15 07:47:19
330,330,Basic,2024-11-01 10:08:46,2025-05-12 10:08:46,50000,expired,2024-11-01 10:08:46
331,331,Basic,2024-03-14 09:28:21,2024-04-22 09:28:21,50000,expired,2024-03-14 09:28:21
332,332,Premium,2024-03-14 18:22:37,2024-06-17 18:22:37,150000,expired,2024-03-14 18:22:37
333,333,Basic,2024-12-24 13:27:43,2025-10-27 13:27:43,50000,active,2024-12-24 13:27:43
334,334,Premium,2025-06-23 00:14:39,2026-03-27 00:14:39,150000,expired,2025-06-23 00:14:39
335,335,Standard,2024-11-03 21:48:35,2025-07-25 21:48:35,100000,active,2024-11-03 21:48:35
336,336,Basic,2025-08-15 15:46:19,2026-07-16 15:46:19,50000,expired,2025-08-15 15:46:19
337,337,Standard,2025-02-14 20:19:00,2025-05-03 20:19:00,100000,active,2025-02-14 20:19:00
338,338,Premium,2024-12-03 04:07:36,2025-06-19 04:07:36,150000,active,2024-12-03 04:07:36
339,339,Basic,2024-01-30 14:43:37,2024-07-07 14:43:37,50000,active,2024-01-30 14:43:37
340,340,Premium,2025-03-12 22:41:34,2025-10-17 22:41:34,150000,active,2025-03-12 22:41:34
341,341,Basic,2024-12-05 11:00:19,2025-04-12 11:00:19,50000,expired,2024-12-05 11:00:19
342,342,Standard,2024-09-27 14:53:28,2024-10-31 14:53:28,100000,expired,2024-09-27 14:53:28
343,343,Standard,2024-03-19 15:57:38,2024-08-29 15:57:38,100000,active,2024-03-19 15:57:38
344,344,Premium,2025-05-16 14:26:53,2026-05-12 14:26:53,150000,expired,2025-05-16 14:26:53
345,345,Premium,2025-02-17 12:22:07,2025-10-27 12:22:07,150000,active,2025-02-17 12:22:07
346,346,Standard,2024-03-07 13:19:30,2024-11-13 13:19:30,100000,active,2024-03-07 13:19:30
347,347,Basic,2025-05-13 21:57:16,2025-09-13 21:57:16,50000,active,2025-05-13 21:57:16
348,348,Basic,2024-09-04 18:17:39,2025-07-29 18:17:39,50000,expired,2024-09-04 18:17:39
349,349,Premium,2025-04-08 20:17:49,2025-11-27 20:17:49,150000,expired,2025-04-08 20:17:49
350,350,Premium,2024-10-02 15:25:52,2025-09-16 15:25:52,150000,expired,2024-10-02 15:25:52
351,351,Standard,2024-01-29 17:54:10,2024-12-07 17:54:10,100000,expired,2024-01-29 17:54:10
352,352,Basic,2025-07-13 06:07:54,2026-05-31 06:07:54,50000,expired,2025-07-13 06:07:54
353,353,Premium,2024-10-19 12:47:39,2025-07-06 12:47:39,150000,active,2024-10-19 12:47:39
354,354,Basic,2024-10-29 21:36:58,2025-01-11 21:36:58,50000,active,2024-10-29 21:36:58
355,355,Basic,2024-02-12 17:46:46,2025-01-09 17:46:46,50000,active,2024-02-12 17:46:46
356,356,Basic,2024-05-12 18:54:41,2024-07-10 18:54:41,50000,active,2024-05-12 18:54:41
357,357,Premium,2024-04-13 17:37:18,2024-06-17 17:37:18,150000,expired,2024-04-13 17:37:18
358,358,Standard,2024-03-04 21:29:57,2024-05-18 21:29:57,100000,active,2024-03-04 21:29:57
359,359,Standard,2024-09-09 11:36:40,2024-11-25 11:36:40,100000,active,2024-09-09 11:36:40
360,360,Premium,2024-02-23 08:44:17,2024-03-30 08:44:17,150000,expired,2024-02-23 08:44:17
361,361,Standard,2025-04-29 14:09:51,2025-11-22 14:09:51,100000,active,2025-04-29 14:09:51
362,362,Standard,2024-04-02 19:15:57,2024-06-15 19:15:57,100000,active,2024-04-02 19:15:57
363,363,Basic,2024-08-28 18:18:51,2025-03-15 18:18:51,50000,active,2024-08-28 18:18:51
364,364,Premium,2024-12-23 09:01:38,2025-05-25 09:01:38,150000,expired,2024-12-23 09:01:38
365,365,Premium,2024-04-13 06:53:42,2025-01-20 06:53:42,150000,active,2024-04-13 06:53:42
366,366,Basic,2025-08-11 01:56:43,2026-02-13 01:56:43,50000,expired,2025-08-11 01:56:43
367,367,Basic,2025-04-24 00:15:25,2025-05-30 00:15:25,50000,expired,2025-04-24 00:15:25
368,368,Standard,2025-01-17 18:33:07,2025-07-28 18:33:07,100000,active,2025-01-17 18:33:07
369,369,Standard,2024-01-01 19:41:17,2024-12-12 19:41:17,100000,expired,2024-01-01 19:41:17
370,370,Standard,2025-09-16 01:33:09,2026-06-11 01:33:09,100000,active,2025-09-16 01:33:09
371,371,Basic,2025-02-25 02:38:00,2026-01-12 02:38:00,50000,active,2025-02-25 02:38:00
372,372,Standard,2024-08-23 00:19:18,2024-10-27 00:19:18,100000,expired,2024-08-23 00:19:18
373,373,Premium,2025-03-22 10:48:34,2025-09-26 10:48:34,150000,expired,2025-03-22 10:48:34
374,374,Basic,2024-12-08 06:19:40,2025-12-07 06:19:40,50000,active,2024-12-08 06:19:40
375,375,Standard,2024-05-28 06:41:46,2024-08-03 06:41:46,100000,expired,2024-05-28 06:41:46
376,376,Basic,2025-08-07 18:57:19,2026-04-28 18:57:19,50000,active,2025-08-07 18:57:19
377,377,Standard,2025-09-09 06:09:40,2025-12-10 06:09:40,100000,expired,2025-09-09 06:09:40
378,378,Standard,2024-02-13 02:21:05,2024-04-20 02:21:05,100000,expired,2024-02-13 02:21:05
379,379,Premium,2025-01-30 19:48:00,2025-03-11 19:48:00,150000,active,2025-01-30 19:48:00
380,380,Standard,2024-06-13 17:31:19,2024-11-25 17:31:19,100000,active,2024-06-13 17:31:19
381,381,Standard,2025-08-26 03:17:36,2026-08-09 03:17:36,100000,active,2025-08-26 03:17:36
382,382,Basic,2025-05-27 19:31:17,2025-07-13 19:31:17,50000,active,2025-05-27 19:31:17
383,383,Basic,2024-08-27 16:08:51,2024-10-06 16:08:51,50000,expired,2024-08-27 16:08:51
384,384,Standard,2024-06-28 09:04:18,2024-12-24 09:04:18,100000,expired,2024-06-28 09:04:18
385,385,Standard,2024-06-01 01:24:10,2024-11-02 01:24:10,100000,expired,2024-06-01 01:24:10
386,386,Standard,2025-04-05 11:48:01,2025-09-28 11:48:01,100000,active,2025-04-05 11:48:01
387,387,Basic,2025-04-30 06:38:13,2025-10-27 06:38:13,50000,expired,2025-04-30 06:38:13
388,388,Premium,2024-05-11 22:20:07,2025-03-22 22:20:07,150000,expired,2024-05-11 22:20:07
389,389,Premium,2025-05-22 23:44:34,2026-04-07 23:44:34,150000,active,2025-05-22 23:44:34
390,390,Basic,2024-02-06 14:35:40,2024-12-10 14:35:40,50000,active,2024-02-06 14:35:40
391,391,Standard,2024-07-23 00:12:09,2024-11-26 00:12:09,100000,active,2024-07-23 00:12:09
392,392,Standard,2024-07-27 15:57:15,2025-03-05 15:57:15,100000,active,2024-07-27 15:57:15
393,393,Standard,2024-03-06 20:49:57,2024-05-26 20:49:57,100000,active,2024-03-06 20:49:57
394,394,Standard,2024-04-30 07:49:00,2024-05-30 07:49:00,100000,expired,2024-04-30 07:49:00
395,395,Premium,2025-08-18 22:40:53,2026-05-30 22:40:53,150000,active,2025-08-18 22:40:53
396,396,Premium,2025-06-15 23:44:48,2025-12-06 23:44:48,150000,active,2025-06-15 23:44:48
397,397,Standard,2024-04-27 18:22:37,2025-04-18 18:22:37,100000,active,2024-04-27 18:22:37
398,398,Basic,2024-10-28 19:35:08,2025-10-10 19:35:08,50000,active,2024-10-28 19:35:08
399,399,Basic,2025-08-11 01:27:57,2026-01-29 01:27:57,50000,expired,2025-08-11 01:27:57
400,400,Standard,2024-07-25 02:15:31,2025-05-29 02:15:31,100000,active,2024-07-25 02:15:31
401,401,Standard,2024-07-06 13:21:56,2024-12-15 13:21:56,100000,active,2024-07-06 13:21:56
402,402,Basic,2025-04-27 13:07:24,2025-11-18 13:07:24,50000,active,2025-04-27 13:07:24
403,403,Basic,2024-01-23 17:29:57,2024-11-15 17:29:57,50000,expired,2024-01-23 17:29:57
404,404,Premium,2025-06-29 05:52:29,2026-03-13 05:52:29,150000,active,2025-06-29 05:52:29
405,405,Standard,2024-12-01 11:35:10,2025-06-19 11:35:10,100000,active,2024-12-01 11:35:10
406,406,Basic,2025-04-25 02:01:45,2026-01-14 02:01:45,50000,expired,2025-04-25 02:01:45
407,407,Standard,2024-10-08 17:42:29,2025-01-19 17:42:29,100000,active,2024-10-08 17:42:29
408,408,Standard,2024-10-08 14:29:52,2025-10-01 14:29:52,100000,active,2024-10-08 14:29:52
409,409,Standard,2024-11-15 10:08:55,2025-04-05 10:08:55,100000,expired,2024-11-15 10:08:55
410,410,Basic,2024-01-02 16:41:43,2024-02-21 16:41:43,50000,expired,2024-01-02 16:41:43
411,411,Standard,2024-03-05 01:03:51,2024-10-24 01:03:51,100000,expired,2024-03-05 01:03:51
412,412,Premium,2024-12-26 23:49:26,2025-03-16 23:49:26,150000,expired,2024-12-26 23:49:26
413,413,Standard,2025-01-20 06:58:02,2025-11-12 06:58:02,100000,expired,2025-01-20 06:58:02
414,414,Premium,2024-04-06 18:28:42,2024-08-26 18:28:42,150000,expired,2024-04-06 18:28:42
415,415,Basic,2024-10-05 06:10:39,2024-11-14 06:10:39,50000,expired,2024-10-05 06:10:39
416,416,Standard,2024-01-13 07:24:41,2024-12-02 07:24:41,100000,expired,2024-01-13 07:24:41
417,417,Standard,2025-05-05 23:25:30,2026-02-03 23:25:30,100000,active,2025-05-05 23:25:30
418,418,Premium,2024-08-04 06:09:08,2025-04-28 06:09:08,150000,expired,2024-08-04 06:09:08
419,419,Premium,2024-06-03 21:30:57,2024-09-19 21:30:57,150000,expired,2024-06-03 21:30:57
420,420,Standard,2025-04-16 01:37:34,2025-08-09 01:37:34,100000,expired,2025-04-16 01:37:34
421,421,Basic,2025-02-10 11:13:35,2026-01-01 11:13:35,50000,active,2025-02-10 11:13:35
422,422,Premium,2024-11-08 13:39:23,2025-06-26 13:39:23,150000,expired,2024-11-08 13:39:23
423,423,Basic,2025-04-26 15:41:08,2026-03-07 15:41:08,50000,expired,2025-04-26 15:41:08
424,424,Premium,2024-12-03 06:52:18,2025-03-12 06:52:18,150000,expired,2024-12-03 06:52:18
425,425,Premium,2025-07-14 12:20:12,2026-05-21 12:20:12,150000,expired,2025-07-14 12:20:12
426,426,Basic,2024-08-14 23:53:00,2025-08-01 23:53:00,50000,active,2024-08-14 23:53:00
427,427,Basic,2024-06-27 21:50:06,2025-06-06 21:50:06,50000,expired,2024-06-27 21:50:06
428,428,Premium,2025-07-18 15:50:25,2026-05-01 15:50:25,150000,expired,2025-07-18 15:50:25
429,429,Premium,2025-07-11 20:40:52,2025-09-07 20:40:52,150000,active,2025-07-11 20:40:52
430,430,Standard,2024-10-30 23:40:55,2025-03-16 23:40:55,100000,active,2024-10-30 23:40:55
431,431,Basic,2024-12-23 09:51:00,2025-03-09 09:51:00,50000,active,2024-12-23 09:51:00
432,432,Standard,2025-06-27 00:46:25,2025-10-28 00:46:25,100000,expired,2025-06-27 00:46:25
433,433,Premium,2024-01-04 18:24:53,2024-02-18 18:24:53,150000,active,2024-01-04 18:24:53
434,434,Premium,2025-02-26 16:05:36,2025-12-01 16:05:36,150000,expired,2025-02-26 16:05:36
435,435,Premium,2025-05-31 17:37:15,2026-02-13 17:37:15,150000,active,2025-05-31 17:37:15
436,436,Basic,2025-08-22 02:04:30,2026-04-07 02:04:30,50000,expired,2025-08-22 02:04:30
437,437,Standard,2025-08-12 00:00:51,2026-08-06 00:00:51,100000,expired,2025-08-12 00:00:51
438,438,Premium,2025-07-11 21:40:47,2025-10-06 21:40:47,150000,active,2025-07-11 21:40:47
439,439,Standard,2024-06-27 21:22:56,2025-05-12 21:22:56,100000,active,2024-06-27 21:22:56
440,440,Standard,2025-06-23 15:52:13,2026-03-31 15:52:13,100000,expired,2025-06-23 15:52:13
441,441,Premium,2025-03-12 22:10:03,2025-05-23 22:10:03,150000,expired,2025-03-12 22:10:03
442,442,Standard,2024-09-09 19:03:52,2025-08-26 19:03:52,100000,expired,2024-09-09 19:03:52
443,443,Basic,2025-07-12 10:13:17,2025-10-04 10:13:17,50000,expired,2025-07-12 10:13:17
444,444,Premium,2024-09-05 06:48:25,2025-04-18 06:48:25,150000,active,2024-09-05 06:48:25
445,445,Basic,2025-06-18 22:20:24,2025-07-21 22:20:24,50000,expired,2025-06-18 22:20:24
446,446,Premium,2025-03-31 11:08:32,2025-07-08 11:08:32,150000,expired,2025-03-31 11:08:32
447,447,Standard,2025-04-19 09:07:37,2025-12-12 09:07:37,100000,expired,2025-04-19 09:07:37
448,448,Premium,2025-08-31 19:22:35,2026-01-29 19:22:35,150000,expired,2025-08-31 19:22:35
449,449,Premium,2025-01-10 22:41:34,2025-07-01 22:41:34,150000,active,2025-01-10 22:41:34
450,450,Premium,2025-07-19 15:23:20,2025-12-08 15:23:20,150000,active,2025-07-19 15:23:20
451,451,Premium,2024-10-28 08:30:45,2025-03-12 08:30:45,150000,expired,2024-10-28 08:30:45
452,452,Basic,2025-07-11 20:40:41,2026-06-17 20:40:41,50000,active,2025-07-11 20:40:41
453,453,Basic,2024-09-29 17:15:36,2024-12-31 17:15:36,50000,expired,2024-09-29 17:15:36
454,454,Premium,2024-09-23 10:19:06,2025-08-24 10:19:06,150000,expired,2024-09-23 10:19:06
455,455,Premium,2024-11-15 11:37:56,2025-09-01 11:37:56,150000,expired,2024-11-15 11:37:56
456,456,Basic,2025-07-20 16:13:04,2025-08-27 16:13:04,50000,active,2025-07-20 16:13:04
457,457,Basic,2025-03-22 20:56:24,2025-06-04 20:56:24,50000,active,2025-03-22 20:56:24
458,458,Premium,2024-04-16 16:26:07,2024-08-10 16:26:07,150000,expired,2024-04-16 16:26:07
459,459,Basic,2025-09-12 09:43:08,2026-09-12 09:43:08,50000,active,2025-09-12 09:43:08
460,460,Premium,2025-05-15 09:54:49,2026-02-22 09:54:49,150000,expired,2025-05-15 09:54:49
461,461,Standard,2024-06-12 15:32:10,2024-11-09 15:32:10,100000,expired,2024-06-12 15:32:10
462,462,Premium,2025-01-06 22:56:42,2025-03-21 22:56:42,150000,expired,2025-01-06 22:56:42
463,463,Basic,2024-05-24 13:06:01,2024-11-30 13:06:01,50000,expired,2024-05-24 13:06:01
464,464,Standard,2024-02-02 02:20:01,2024-06-17 02:20:01,100000,active,2024-02-02 02:20:01
465,465,Standard,2025-09-13 04:02:15,2025-11-24 04:02:15,100000,expired,2025-09-13 04:02:15
466,466,Premium,2024-08-29 17:53:59,2025-03-24 17:53:59,150000,expired,2024-08-29 17:53:59
467,467,Standard,2024-03-26 01:40:43,2025-01-12 01:40:43,100000,active,2024-03-26 01:40:43
468,468,Premium,2024-11-19 05:58:18,2025-07-17 05:58:18,150000,active,2024-11-19 05:58:18
469,469,Standard,2025-05-08 02:17:42,2025-11-27 02:17:42,100000,active,2025-05-08 02:17:42
470,470,Basic,2024-03-17 19:50:03,2024-12-07 19:50:03,50000,expired,2024-03-17 19:50:03
471,471,Premium,2025-08-30 09:36:59,2025-10-19 09:36:59,150000,active,2025-08-30 09:36:59
472,472,Standard,2025-07-12 12:18:47,2026-07-11 12:18:47,100000,active,2025-07-12 12:18:47
473,473,Basic,2025-02-13 23:15:45,2025-08-05 23:15:45,50000,active,2025-02-13 23:15:45
474,474,Basic,2024-09-04 00:29:59,2024-12-14 00:29:59,50000,expired,2024-09-04 00:29:59
475,475,Basic,2025-08-22 19:29:58,2026-07-14 19:29:58,50000,active,2025-08-22 19:29:58
476,476,Premium,2025-01-11 21:42:27,2025-04-16 21:42:27,150000,active,2025-01-11 21:42:27
477,477,Basic,2024-05-03 09:38:44,2024-08-28 09:38:44,50000,active,2024-05-03 09:38:44
478,478,Standard,2024-09-30 08:27:00,2025-06-17 08:27:00,100000,active,2024-09-30 08:27:00
479,479,Basic,2024-11-23 17:05:08,2025-03-13 17:05:08,50000,expired,2024-11-23 17:05:08
480,480,Standard,2024-04-09 14:18:25,2024-12-06 14:18:25,100000,active,2024-04-09 14:18:25
481,481,Standard,2024-10-24 00:50:38,2025-03-11 00:50:38,100000,active,2024-10-24 00:50:38
482,482,Standard,2024-10-09 13:51:56,2025-09-19 13:51:56,100000,expired,2024-10-09 13:51:56
483,483,Basic,2024-04-30 15:04:28,2024-11-10 15:04:28,50000,active,2024-04-30 15:04:28
484,484,Standard,2024-02-16 01:09:31,2024-06-01 01:09:31,100000,expired,2024-02-16 01:09:31
485,485,Premium,2024-02-29 03:07:56,2024-08-20 03:07:56,150000,active,2024-02-29 03:07:56
486,486,Basic,2025-02-19 17:18:26,2025-12-28 17:18:26,50000,expired,2025-02-19 17:18:26
487,487,Standard,2024-12-24 16:20:26,2025-04-23 16:20:26,100000,active,2024-12-24 16:20:26
488,488,Premium,2024-01-19 14:54:18,2024-03-31 14:54:18,150000,expired,2024-01-19 14:54:18
489,489,Premium,2024-08-19 05:21:11,2025-05-17 05:21:11,150000,active,2024-08-19 05:21:11
490,490,Basic,2024-03-28 10:29:23,2025-02-14 10:29:23,50000,active,2024-03-28 10:29:23
491,491,Premium,2025-02-11 06:45:32,2025-04-26 06:45:32,150000,expired,2025-02-11 06:45:32
492,492,Standard,2025-05-12 17:53:45,2026-03-21 17:53:45,100000,expired,2025-05-12 17:53:45
493,493,Basic,2025-09-11 19:16:31,2025-10-31 19:16:31,50000,expired,2025-09-11 19:16:31
494,494,Premium,2024-12-20 20:28:12,2025-02-07 20:28:12,150000,active,2024-12-20 20:28:12
495,495,Basic,2025-04-13 09:52:24,2026-01-18 09:52:24,50000,expired,2025-04-13 09:52:24
496,496,Basic,2025-05-13 19:24:02,2025-12-03 19:24:02,50000,expired,2025-05-13 19:24:02
497,497,Standard,2025-06-06 12:10:17,2026-03-10 12:10:17,100000,expired,2025-06-06 12:10:17
498,498,Premium,2024-01-17 03:54:04,2024-12-03 03:54:04,150000,expired,2024-01-17 03:54:04
499,499,Standard,2024-09-09 11:23:33,2025-05-13 11:23:33,100000,active,2024-09-09 11:23:33
500,500,Basic,2025-08-02 23:18:41,2025-09-13 23:18:41,50000,expired,2025-08-02 23:18:41
501,501,Basic,2024-01-04 05:12:07,2024-12-25 05:12:07,50000,active,2024-01-04 05:12:07
502,502,Standard,2024-12-08 13:26:42,2025-08-01 13:26:42,100000,expired,2024-12-08 13:26:42
503,503,Basic,2025-02-18 04:00:09,2025-09-30 04:00:09,50000,expired,2025-02-18 04:00:09
504,504,Basic,2024-01-25 18:25:04,2024-03-27 18:25:04,50000,expired,2024-01-25 18:25:04
505,505,Premium,2024-03-05 18:21:41,2024-04-17 18:21:41,150000,expired,2024-03-05 18:21:41
506,506,Basic,2025-06-25 10:01:38,2026-03-28 10:01:38,50000,active,2025-06-25 10:01:38
507,507,Premium,2025-06-26 01:14:29,2026-03-12 01:14:29,150000,expired,2025-06-26 01:14:29
508,508,Standard,2025-07-11 07:31:48,2025-11-26 07:31:48,100000,expired,2025-07-11 07:31:48
509,509,Basic,2024-02-26 13:00:18,2024-06-03 13:00:18,50000,expired,2024-02-26 13:00:18
510,510,Standard,2025-06-19 04:41:09,2025-12-18 04:41:09,100000,active,2025-06-19 04:41:09
511,511,Standard,2024-07-19 00:18:17,2025-02-20 00:18:17,100000,expired,2024-07-19 00:18:17
512,512,Standard,2024-03-15 17:31:32,2024-08-23 17:31:32,100000,active,2024-03-15 17:31:32
513,513,Premium,2025-04-02 00:00:17,2025-06-19 00:00:17,150000,active,2025-04-02 00:00:17
514,514,Basic,2025-09-04 20:01:15,2026-06-26 20:01:15,50000,expired,2025-09-04 20:01:15
515,515,Standard,2025-05-28 12:42:11,2025-12-06 12:42:11,100000,expired,2025-05-28 12:42:11
516,516,Basic,2025-06-19 08:16:52,2025-10-24 08:16:52,50000,active,2025-06-19 08:16:52
517,517,Basic,2024-10-30 07:22:26,2025-05-07 07:22:26,50000,active,2024-10-30 07:22:26
518,518,Premium,2024-06-27 21:18:50,2025-02-01 21:18:50,150000,expired,2024-06-27 21:18:50
519,519,Standard,2025-03-30 23:55:33,2025-10-13 23:55:33,100000,active,2025-03-30 23:55:33
520,520,Premium,2025-07-03 13:13:43,2026-06-02 13:13:43,150000,expired,2025-07-03 13:13:43
521,521,Basic,2024-09-08 05:21:19,2025-02-23 05:21:19,50000,active,2024-09-08 05:21:19
522,522,Premium,2024-06-14 19:05:52,2024-07-23 19:05:52,150000,active,2024-06-14 19:05:52
523,523,Premium,2024-08-03 02:57:33,2025-03-04 02:57:33,150000,active,2024-08-03 02:57:33
524,524,Standard,2024-08-20 12:33:44,2025-03-22 12:33:44,100000,active,2024-08-20 12:33:44
525,525,Standard,2024-03-29 18:26:48,2024-12-16 18:26:48,100000,active,2024-03-29 18:26:48
526,526,Standard,2024-06-15 05:23:33,2025-04-19 05:23:33,100000,expired,2024-06-15 05:23:33
527,527,Premium,2024-08-19 06:00:05,2024-12-03 06:00:05,150000,active,2024-08-19 06:00:05
528,528,Premium,2025-03-17 05:02:06,2026-01-04 05:02:06,150000,active,2025-03-17 05:02:06
529,529,Basic,2024-11-27 18:20:44,2025-06-05 18:20:44,50000,active,2024-11-27 18:20:44
530,530,Standard,2025-05-01 13:29:52,2026-01-28 13:29:52,100000,active,2025-05-01 13:29:52
531,531,Premium,2025-09-04 03:41:28,2026-08-11 03:41:28,150000,expired,2025-09-04 03:41:28
532,532,Standard,2025-06-25 03:11:25,2025-12-25 03:11:25,100000,expired,2025-06-25 03:11:25
533,533,Standard,2025-06-12 14:51:02,2026-03-01 14:51:02,100000,expired,2025-06-12 14:51:02
534,534,Premium,2024-09-21 07:06:07,2025-08-11 07:06:07,150000,active,2024-09-21 07:06:07
535,535,Basic,2024-10-10 12:18:49,2025-09-08 12:18:49,50000,expired,2024-10-10 12:18:49
536,536,Basic,2025-02-12 06:02:26,2025-06-18 06:02:26,50000,expired,2025-02-12 06:02:26
537,537,Standard,2025-03-16 13:41:05,2025-07-18 13:41:05,100000,active,2025-03-16 13:41:05
538,538,Premium,2025-04-05 06:04:21,2025-11-14 06:04:21,150000,expired,2025-04-05 06:04:21
539,539,Standard,2025-04-03 18:11:40,2026-02-01 18:11:40,100000,active,2025-04-03 18:11:40
540,540,Basic,2025-09-18 18:43:31,2026-05-09 18:43:31,50000,active,2025-09-18 18:43:31
541,541,Standard,2024-07-18 04:41:55,2025-02-23 04:41:55,100000,expired,2024-07-18 04:41:55
542,542,Premium,2024-04-10 09:35:13,2024-07-21 09:35:13,150000,expired,2024-04-10 09:35:13
543,543,Premium,2024-02-05 05:27:07,2024-07-04 05:27:07,150000,expired,2024-02-05 05:27:07
544,544,Basic,2025-04-17 02:10:43,2025-10-07 02:10:43,50000,expired,2025-04-17 02:10:43
545,545,Basic,2025-04-12 19:32:22,2026-01-24 19:32:22,50000,expired,2025-04-12 19:32:22
546,546,Basic,2024-06-20 06:32:02,2025-03-30 06:32:02,50000,expired,2024-06-20 06:32:02
547,547,Standard,2024-06-08 05:37:26,2025-02-07 05:37:26,100000,expired,2024-06-08 05:37:26
548,548,Premium,2025-03-15 20:59:48,2025-08-09 20:59:48,150000,expired,2025-03-15 20:59:48
549,549,Premium,2024-12-02 22:33:32,2025-02-06 22:33:32,150000,expired,2024-12-02 22:33:32
550,550,Premium,2025-06-26 15:35:53,2026-01-18 15:35:53,150000,expired,2025-06-26 15:35:53
551,551,Basic,2025-04-05 07:43:38,2026-03-23 07:43:38,50000,expired,2025-04-05 07:43:38
552,552,Standard,2024-11-20 18:58:21,2024-12-20 18:58:21,100000,active,2024-11-20 18:58:21
553,553,Basic,2025-08-17 07:32:22,2026-04-14 07:32:22,50000,active,2025-08-17 07:32:22
554,554,Premium,2025-08-10 09:28:31,2026-05-24 09:28:31,150000,active,2025-08-10 09:28:31
555,555,Standard,2024-05-17 05:22:12,2025-04-04 05:22:12,100000,expired,2024-05-17 05:22:12
556,556,Basic,2025-06-09 11:55:14,2026-04-21 11:55:14,50000,expired,2025-06-09 11:55:14
557,557,Premium,2024-12-27 11:38:58,2025-05-09 11:38:58,150000,active,2024-12-27 11:38:58
558,558,Basic,2025-03-01 14:20:51,2025-08-02 14:20:51,50000,active,2025-03-01 14:20:51
559,559,Premium,2024-09-19 22:52:22,2024-12-22 22:52:22,150000,expired,2024-09-19 22:52:22
560,560,Standard,2025-02-20 23:48:55,2025-12-16 23:48:55,100000,active,2025-02-20 23:48:55
561,561,Standard,2025-01-15 12:56:57,2025-11-02 12:56:57,100000,active,2025-01-15 12:56:57
562,562,Premium,2025-05-30 23:43:18,2025-11-02 23:43:18,150000,expired,2025-05-30 23:43:18
563,563,Premium,2024-06-07 04:24:10,2024-07-16 04:24:10,150000,expired,2024-06-07 04:24:10
564,564,Premium,2025-06-22 13:40:30,2025-11-21 13:40:30,150000,active,2025-06-22 13:40:30
565,565,Basic,2025-08-14 14:32:26,2026-02-08 14:32:26,50000,expired,2025-08-14 14:32:26
566,566,Basic,2024-09-15 20:07:24,2025-05-14 20:07:24,50000,expired,2024-09-15 20:07:24
567,567,Basic,2024-05-16 19:32:59,2025-02-22 19:32:59,50000,active,2024-05-16 19:32:59
568,568,Premium,2025-02-20 07:17:51,2025-11-22 07:17:51,150000,active,2025-02-20 07:17:51
569,569,Premium,2024-10-26 20:11:51,2025-08-17 20:11:51,150000,active,2024-10-26 20:11:51
570,570,Premium,2024-03-30 00:34:03,2024-07-12 00:34:03,150000,active,2024-03-30 00:34:03
571,571,Premium,2025-01-08 14:32:51,2025-12-06 14:32:51,150000,expired,2025-01-08 14:32:51
572,572,Standard,2025-05-18 05:18:31,2026-05-16 05:18:31,100000,active,2025-05-18 05:18:31
573,573,Premium,2024-06-09 15:18:31,2025-01-21 15:18:31,150000,expired,2024-06-09 15:18:31
574,574,Premium,2024-02-04 23:16:55,2024-08-08 23:16:55,150000,expired,2024-02-04 23:16:55
575,575,Standard,2024-08-15 10:40:45,2025-04-08 10:40:45,100000,active,2024-08-15 10:40:45
576,576,Basic,2025-03-21 10:47:03,2025-10-27 10:47:03,50000,active,2025-03-21 10:47:03
577,577,Premium,2024-12-07 14:32:42,2025-08-14 14:32:42,150000,expired,2024-12-07 14:32:42
578,578,Standard,2025-09-17 04:39:17,2025-12-04 04:39:17,100000,expired,2025-09-17 04:39:17
579,579,Standard,2025-02-15 21:18:49,2025-10-23 21:18:49,100000,expired,2025-02-15 21:18:49
580,580,Basic,2025-06-05 05:40:32,2026-05-23 05:40:32,50000,expired,2025-06-05 05:40:32
581,581,Premium,2025-05-20 15:32:30,2026-05-12 15:32:30,150000,active,2025-05-20 15:32:30
582,582,Standard,2025-03-20 04:58:36,2025-10-16 04:58:36,100000,expired,2025-03-20 04:58:36
583,583,Premium,2024-08-17 04:02:31,2025-04-13 04:02:31,150000,active,2024-08-17 04:02:31
584,584,Standard,2024-05-01 00:42:50,2024-06-13 00:42:50,100000,active,2024-05-01 00:42:50
585,585,Basic,2024-05-18 05:23:01,2024-08-05 05:23:01,50000,expired,2024-05-18 05:23:01
586,586,Basic,2025-04-01 13:21:55,2026-01-23 13:21:55,50000,active,2025-04-01 13:21:55
587,587,Basic,2025-06-23 17:40:28,2025-08-10 17:40:28,50000,active,2025-06-23 17:40:28
588,588,Premium,2025-08-09 22:42:08,2026-05-16 22:42:08,150000,expired,2025-08-09 22:42:08
589,589,Basic,2024-04-12 22:36:53,2024-09-07 22:36:53,50000,expired,2024-04-12 22:36:53
590,590,Premium,2024-06-20 18:03:19,2024-08-16 18:03:19,150000,expired,2024-06-20 18:03:19
591,591,Standard,2025-07-15 15:36:26,2026-06-14 15:36:26,100000,expired,2025-07-15 15:36:26
592,592,Premium,2024-07-27 04:29:17,2025-06-11 04:29:17,150000,active,2024-07-27 04:29:17
593,593,Basic,2025-03-21 13:41:42,2026-02-10 13:41:42,50000,active,2025-03-21 13:41:42
594,594,Premium,2025-08-08 18:42:32,2026-03-02 18:42:32,150000,active,2025-08-08 18:42:32
595,595,Basic,2024-09-22 04:56:38,2025-07-11 04:56:38,50000,expired,2024-09-22 04:56:38
596,596,Basic,2024-08-04 17:11:27,2024-12-15 17:11:27,50000,expired,2024-08-04 17:11:27
597,597,Standard,2025-05-19 08:30:05,2025-08-11 08:30:05,100000,expired,2025-05-19 08:30:05
598,598,Standard,2024-04-02 07:08:37,2024-07-11 07:08:37,100000,expired,2024-04-02 07:08:37
599,599,Premium,2024-07-31 20:42:28,2024-12-30 20:42:28,150000,active,2024-07-31 20:42:28
600,600,Premium,2025-05-27 13:44:07,2026-03-29 13:44:07,150000,active,2025-05-27 13:44:07
601,601,Standard,2024-02-06 00:49:30,2024-11-19 00:49:30,100000,expired,2024-02-06 00:49:30
602,602,Standard,2024-08-01 15:50:46,2025-05-12 15:50:46,100000,expired,2024-08-01 15:50:46
603,603,Standard,2024-01-29 22:52:28,2024-03-13 22:52:28,100000,expired,2024-01-29 22:52:28
604,604,Standard,2025-07-21 04:14:30,2026-01-04 04:14:30,100000,active,2025-07-21 04:14:30
605,605,Premium,2024-11-04 10:30:11,2025-04-30 10:30:11,150000,expired,2024-11-04 10:30:11
606,606,Standard,2024-09-13 23:04:54,2025-08-10 23:04:54,100000,expired,2024-09-13 23:04:54
607,607,Premium,2025-01-02 10:57:02,2025-03-29 10:57:02,150000,active,2025-01-02 10:57:02
608,608,Basic,2025-07-22 21:14:07,2026-03-06 21:14:07,50000,active,2025-07-22 21:14:07
609,609,Standard,2024-03-05 13:09:58,2024-12-27 13:09:58,100000,active,2024-03-05 13:09:58
610,610,Basic,2025-03-16 16:02:34,2025-07-20 16:02:34,50000,active,2025-03-16 16:02:34
611,611,Premium,2024-05-03 21:12:29,2024-12-10 21:12:29,150000,expired,2024-05-03 21:12:29
612,612,Premium,2024-06-06 13:55:36,2024-07-28 13:55:36,150000,active,2024-06-06 13:55:36
613,613,Standard,2024-05-24 03:14:03,2025-05-06 03:14:03,100000,active,2024-05-24 03:14:03
614,614,Standard,2025-03-13 08:20:50,2025-10-08 08:20:50,100000,active,2025-03-13 08:20:50
615,615,Premium,2025-02-08 10:39:50,2025-06-11 10:39:50,150000,expired,2025-02-08 10:39:50
616,616,Basic,2025-03-28 08:16:07,2025-07-09 08:16:07,50000,active,2025-03-28 08:16:07
617,617,Basic,2024-05-25 00:07:44,2025-03-19 00:07:44,50000,expired,2024-05-25 00:07:44
618,618,Premium,2024-01-26 20:52:39,2024-02-26 20:52:39,150000,active,2024-01-26 20:52:39
619,619,Basic,2024-07-03 02:29:31,2024-08-31 02:29:31,50000,active,2024-07-03 02:29:31
620,620,Standard,2024-03-25 20:38:16,2024-06-17 20:38:16,100000,expired,2024-03-25 20:38:16
621,621,Standard,2024-10-13 21:23:07,2025-04-30 21:23:07,100000,active,2024-10-13 21:23:07
622,622,Standard,2024-02-29 16:44:52,2024-12-12 16:44:52,100000,active,2024-02-29 16:44:52
623,623,Premium,2024-02-17 22:53:58,2024-06-09 22:53:58,150000,active,2024-02-17 22:53:58
624,624,Basic,2025-07-21 06:36:30,2026-05-15 06:36:30,50000,expired,2025-07-21 06:36:30
625,625,Standard,2025-08-10 18:02:27,2026-07-31 18:02:27,100000,active,2025-08-10 18:02:27
626,626,Standard,2024-08-15 01:50:07,2025-05-16 01:50:07,100000,expired,2024-08-15 01:50:07
627,627,Basic,2025-07-17 09:44:39,2025-10-21 09:44:39,50000,active,2025-07-17 09:44:39
628,628,Standard,2025-02-24 07:09:45,2025-10-28 07:09:45,100000,active,2025-02-24 07:09:45
629,629,Basic,2024-06-29 06:18:35,2024-12-17 06:18:35,50000,expired,2024-06-29 06:18:35
630,630,Premium,2024-05-20 01:56:44,2025-05-10 01:56:44,150000,expired,2024-05-20 01:56:44
631,631,Basic,2025-04-27 07:58:05,2026-01-03 07:58:05,50000,expired,2025-04-27 07:58:05
632,632,Premium,2024-07-27 15:30:25,2024-11-19 15:30:25,150000,active,2024-07-27 15:30:25
633,633,Premium,2024-02-10 13:28:16,2024-09-11 13:28:16,150000,expired,2024-02-10 13:28:16
634,634,Standard,2025-09-01 17:37:21,2025-12-15 17:37:21,100000,expired,2025-09-01 17:37:21
635,635,Standard,2024-10-28 08:18:07,2025-04-28 08:18:07,100000,expired,2024-10-28 08:18:07
636,636,Standard,2024-10-25 16:01:21,2025-10-22 16:01:21,100000,active,2024-10-25 16:01:21
637,637,Basic,2024-02-26 10:58:59,2024-11-28 10:58:59,50000,active,2024-02-26 10:58:59
638,638,Basic,2025-03-29 06:05:00,2025-09-21 06:05:00,50000,expired,2025-03-29 06:05:00
639,639,Standard,2024-05-17 07:46:28,2025-01-31 07:46:28,100000,active,2024-05-17 07:46:28
640,640,Premium,2024-05-29 16:40:08,2025-04-13 16:40:08,150000,active,2024-05-29 16:40:08
641,641,Premium,2024-12-10 15:29:23,2025-05-29 15:29:23,150000,active,2024-12-10 15:29:23
642,642,Premium,2024-11-12 01:47:08,2025-07-15 01:47:08,150000,expired,2024-11-12 01:47:08
643,643,Premium,2025-04-03 19:24:50,2025-06-28 19:24:50,150000,active,2025-04-03 19:24:50
644,644,Basic,2025-01-16 19:04:07,2026-01-11 19:04:07,50000,expired,2025-01-16 19:04:07
645,645,Standard,2025-05-02 20:44:45,2025-11-25 20:44:45,100000,active,2025-05-02 20:44:45
646,646,Premium,2024-02-02 09:40:40,2025-01-25 09:40:40,150000,active,2024-02-02 09:40:40
647,647,Premium,2025-08-17 17:45:06,2026-03-21 17:45:06,150000,expired,2025-08-17 17:45:06
648,648,Premium,2024-06-30 16:37:45,2024-09-15 16:37:45,150000,active,2024-06-30 16:37:45
649,649,Basic,2024-02-09 17:18:39,2024-06-07 17:18:39,50000,active,2024-02-09 17:18:39
650,650,Basic,2024-01-08 13:58:22,2024-10-25 13:58:22,50000,active,2024-01-08 13:58:22
651,651,Premium,2025-01-04 09:51:22,2025-10-11 09:51:22,150000,expired,2025-01-04 09:51:22
652,652,Basic,2025-06-24 19:47:53,2026-02-24 19:47:53,50000,expired,2025-06-24 19:47:53
653,653,Standard,2024-02-26 18:26:22,2024-12-06 18:26:22,100000,expired,2024-02-26 18:26:22
654,654,Standard,2025-07-03 14:35:12,2026-05-27 14:35:12,100000,active,2025-07-03 14:35:12
655,655,Basic,2025-05-14 14:40:08,2026-02-16 14:40:08,50000,expired,2025-05-14 14:40:08
656,656,Premium,2025-06-14 09:33:05,2026-05-01 09:33:05,150000,active,2025-06-14 09:33:05
657,657,Premium,2025-07-26 23:23:47,2026-03-15 23:23:47,150000,active,2025-07-26 23:23:47
658,658,Standard,2025-01-24 14:19:51,2025-04-05 14:19:51,100000,expired,2025-01-24 14:19:51
659,659,Basic,2025-01-02 15:40:03,2025-05-10 15:40:03,50000,expired,2025-01-02 15:40:03
660,660,Standard,2024-01-19 15:22:53,2024-06-15 15:22:53,100000,expired,2024-01-19 15:22:53
661,661,Standard,2024-08-31 06:44:35,2024-12-18 06:44:35,100000,active,2024-08-31 06:44:35
662,662,Basic,2024-06-24 12:16:44,2024-11-02 12:16:44,50000,active,2024-06-24 12:16:44
663,663,Standard,2025-05-30 21:28:41,2025-07-12 21:28:41,100000,expired,2025-05-30 21:28:41
664,664,Basic,2024-01-07 03:41:39,2024-09-13 03:41:39,50000,expired,2024-01-07 03:41:39
665,665,Basic,2025-06-17 08:22:07,2025-11-24 08:22:07,50000,expired,2025-06-17 08:22:07
666,666,Basic,2024-04-19 14:00:12,2024-12-02 14:00:12,50000,expired,2024-04-19 14:00:12
667,667,Premium,2024-07-09 11:53:00,2025-06-05 11:53:00,150000,expired,2024-07-09 11:53:00
668,668,Premium,2025-04-15 08:55:33,2025-06-11 08:55:33,150000,expired,2025-04-15 08:55:33
669,669,Basic,2025-08-23 06:23:32,2026-05-31 06:23:32,50000,expired,2025-08-23 06:23:32
670,670,Premium,2025-08-24 06:15:14,2026-02-28 06:15:14,150000,active,2025-08-24 06:15:14
671,671,Basic,2024-10-04 18:15:05,2025-06-29 18:15:05,50000,active,2024-10-04 18:15:05
672,672,Premium,2024-02-04 07:05:55,2024-03-20 07:05:55,150000,active,2024-02-04 07:05:55
673,673,Basic,2024-04-22 04:22:06,2024-06-23 04:22:06,50000,active,2024-04-22 04:22:06
674,674,Premium,2024-10-05 06:46:33,2024-11-05 06:46:33,150000,expired,2024-10-05 06:46:33
675,675,Premium,2024-08-05 13:47:12,2025-03-06 13:47:12,150000,active,2024-08-05 13:47:12
676,676,Premium,2025-02-17 17:38:33,2025-06-30 17:38:33,150000,expired,2025-02-17 17:38:33
677,677,Standard,2024-06-12 07:42:07,2025-05-15 07:42:07,100000,active,2024-06-12 07:42:07
678,678,Premium,2025-04-29 16:44:33,2026-01-25 16:44:33,150000,expired,2025-04-29 16:44:33
679,679,Basic,2024-03-09 05:18:19,2024-05-28 05:18:19,50000,expired,2024-03-09 05:18:19
680,680,Basic,2024-07-08 01:05:34,2025-03-26 01:05:34,50000,expired,2024-07-08 01:05:34
681,681,Standard,2025-08-28 00:14:04,2026-04-09 00:14:04,100000,active,2025-08-28 00:14:04
682,682,Premium,2025-06-18 00:39:48,2026-01-13 00:39:48,150000,expired,2025-06-18 00:39:48
683,683,Basic,2025-08-10 10:12:01,2025-09-12 10:12:01,50000,active,2025-08-10 10:12:01
684,684,Standard,2025-05-15 07:15:39,2025-12-12 07:15:39,100000,expired,2025-05-15 07:15:39
685,685,Premium,2024-02-25 02:07:44,2024-06-30 02:07:44,150000,expired,2024-02-25 02:07:44
686,686,Standard,2024-12-27 20:10:06,2025-09-07 20:10:06,100000,expired,2024-12-27 20:10:06
687,687,Premium,2025-05-28 07:47:50,2025-08-28 07:47:50,150000,expired,2025-05-28 07:47:50
688,688,Basic,2025-03-25 15:14:18,2025-07-01 15:14:18,50000,expired,2025-03-25 15:14:18
689,689,Basic,2024-05-30 05:22:59,2024-09-14 05:22:59,50000,expired,2024-05-30 05:22:59
690,690,Premium,2025-05-01 16:15:31,2025-09-09 16:15:31,150000,active,2025-05-01 16:15:31
691,691,Premium,2025-07-31 08:38:44,2025-09-06 08:38:44,150000,active,2025-07-31 08:38:44
692,692,Premium,2025-02-13 01:35:38,2025-05-29 01:35:38,150000,expired,2025-02-13 01:35:38
693,693,Standard,2025-06-04 18:33:54,2025-09-11 18:33:54,100000,active,2025-06-04 18:33:54
694,694,Standard,2025-02-15 04:02:45,2025-12-26 04:02:45,100000,expired,2025-02-15 04:02:45
695,695,Basic,2024-06-16 11:13:05,2025-03-13 11:13:05,50000,active,2024-06-16 11:13:05
696,696,Basic,2025-08-06 16:05:24,2026-05-28 16:05:24,50000,expired,2025-08-06 16:05:24
697,697,Premium,2025-07-19 15:10:13,2026-03-09 15:10:13,150000,expired,2025-07-19 15:10:13
698,698,Premium,2025-06-12 11:26:02,2025-11-19 11:26:02,150000,active,2025-06-12 11:26:02
699,699,Standard,2024-11-03 16:18:18,2025-04-29 16:18:18,100000,expired,2024-11-03 16:18:18
700,700,Basic,2024-04-15 12:01:56,2024-06-08 12:01:56,50000,active,2024-04-15 12:01:56
701,701,Premium,2025-05-29 06:23:19,2025-07-22 06:23:19,150000,active,2025-05-29 06:23:19
702,702,Basic,2024-08-30 08:52:04,2025-08-18 08:52:04,50000,active,2024-08-30 08:52:04
703,703,Basic,2024-04-29 17:33:23,2024-10-12 17:33:23,50000,active,2024-04-29 17:33:23
704,704,Standard,2025-07-10 03:23:22,2025-11-06 03:23:22,100000,active,2025-07-10 03:23:22
705,705,Premium,2025-08-10 09:21:53,2026-04-01 09:21:53,150000,expired,2025-08-10 09:21:53
706,706,Basic,2024-06-16 23:53:51,2024-10-19 23:53:51,50000,active,2024-06-16 23:53:51
707,707,Premium,2024-06-28 08:12:30,2024-11-29 08:12:30,150000,active,2024-06-28 08:12:30
708,708,Standard,2024-10-28 18:15:47,2025-06-26 18:15:47,100000,active,2024-10-28 18:15:47
709,709,Premium,2025-09-08 02:36:27,2025-12-28 02:36:27,150000,active,2025-09-08 02:36:27
710,710,Premium,2024-09-25 22:22:27,2024-11-04 22:22:27,150000,active,2024-09-25 22:22:27
711,711,Premium,2025-03-20 15:45:17,2025-09-06 15:45:17,150000,expired,2025-03-20 15:45:17
712,712,Basic,2024-11-13 21:23:10,2025-01-03 21:23:10,50000,active,2024-11-13 21:23:10
713,713,Premium,2024-07-13 14:15:57,2025-06-22 14:15:57,150000,active,2024-07-13 14:15:57
714,714,Premium,2025-04-25 11:15:51,2025-07-08 11:15:51,150000,active,2025-04-25 11:15:51
715,715,Premium,2025-03-24 08:37:44,2025-11-02 08:37:44,150000,active,2025-03-24 08:37:44
716,716,Basic,2024-06-08 22:20:02,2024-08-25 22:20:02,50000,expired,2024-06-08 22:20:02
717,717,Premium,2024-07-08 01:04:27,2025-03-31 01:04:27,150000,active,2024-07-08 01:04:27
718,718,Premium,2025-07-12 19:08:50,2025-12-22 19:08:50,150000,active,2025-07-12 19:08:50
719,719,Premium,2025-07-29 09:49:21,2025-10-01 09:49:21,150000,expired,2025-07-29 09:49:21
720,720,Premium,2025-09-09 08:16:03,2026-06-25 08:16:03,150000,expired,2025-09-09 08:16:03
721,721,Premium,2025-01-03 10:36:34,2025-02-17 10:36:34,150000,expired,2025-01-03 10:36:34
722,722,Premium,2024-03-25 00:55:54,2024-06-07 00:55:54,150000,active,2024-03-25 00:55:54
723,723,Premium,2024-10-29 18:28:00,2024-12-23 18:28:00,150000,expired,2024-10-29 18:28:00
724,724,Premium,2024-05-05 23:22:48,2024-06-15 23:22:48,150000,active,2024-05-05 23:22:48
725,725,Standard,2025-02-28 06:42:47,2026-01-23 06:42:47,100000,expired,2025-02-28 06:42:47
726,726,Standard,2024-10-22 22:31:17,2025-01-25 22:31:17,100000,expired,2024-10-22 22:31:17
727,727,Basic,2024-01-08 14:52:40,2024-09-02 14:52:40,50000,expired,2024-01-08 14:52:40
728,728,Premium,2024-05-10 05:34:25,2024-06-22 05:34:25,150000,active,2024-05-10 05:34:25
729,729,Basic,2025-04-06 20:05:01,2025-05-27 20:05:01,50000,expired,2025-04-06 20:05:01
730,730,Premium,2024-03-23 16:49:20,2024-08-20 16:49:20,150000,expired,2024-03-23 16:49:20
731,731,Premium,2024-03-11 03:02:58,2024-12-29 03:02:58,150000,expired,2024-03-11 03:02:58
732,732,Standard,2024-06-02 23:23:56,2024-11-26 23:23:56,100000,active,2024-06-02 23:23:56
733,733,Standard,2025-02-09 06:18:32,2025-04-12 06:18:32,100000,active,2025-02-09 06:18:32
734,734,Standard,2025-04-22 05:57:32,2025-09-29 05:57:32,100000,active,2025-04-22 05:57:32
735,735,Basic,2024-04-21 16:55:26,2025-04-02 16:55:26,50000,expired,2024-04-21 16:55:26
736,736,Basic,2024-08-31 02:54:58,2025-02-02 02:54:58,50000,active,2024-08-31 02:54:58
737,737,Standard,2025-02-03 00:48:13,2025-10-19 00:48:13,100000,expired,2025-02-03 00:48:13
738,738,Premium,2025-05-29 10:15:46,2026-03-18 10:15:46,150000,expired,2025-05-29 10:15:46
739,739,Basic,2024-12-05 16:50:07,2025-01-21 16:50:07,50000,active,2024-12-05 16:50:07
740,740,Basic,2025-02-06 22:15:11,2025-04-16 22:15:11,50000,active,2025-02-06 22:15:11
741,741,Premium,2024-08-19 14:43:09,2025-08-19 14:43:09,150000,expired,2024-08-19 14:43:09
742,742,Basic,2025-08-15 22:34:24,2025-11-21 22:34:24,50000,active,2025-08-15 22:34:24
743,743,Standard,2024-09-25 22:53:30,2025-06-06 22:53:30,100000,active,2024-09-25 22:53:30
744,744,Premium,2024-08-11 04:03:35,2025-02-01 04:03:35,150000,active,2024-08-11 04:03:35
745,745,Premium,2024-04-17 20:06:35,2025-02-23 20:06:35,150000,active,2024-04-17 20:06:35
746,746,Basic,2024-10-03 09:33:25,2025-05-18 09:33:25,50000,active,2024-10-03 09:33:25
747,747,Basic,2024-03-10 02:23:11,2024-05-24 02:23:11,50000,active,2024-03-10 02:23:11
748,748,Premium,2024-10-28 03:57:08,2025-07-18 03:57:08,150000,active,2024-10-28 03:57:08
749,749,Premium,2024-05-05 00:12:57,2025-03-28 00:12:57,150000,active,2024-05-05 00:12:57
750,750,Basic,2025-05-09 21:45:21,2025-09-05 21:45:21,50000,active,2025-05-09 21:45:21
751,751,Basic,2024-10-24 11:32:35,2025-01-10 11:32:35,50000,expired,2024-10-24 11:32:35
752,752,Premium,2024-12-19 23:58:55,2025-06-17 23:58:55,150000,active,2024-12-19 23:58:55
753,753,Premium,2024-09-04 22:29:36,2024-11-21 22:29:36,150000,expired,2024-09-04 22:29:36
754,754,Basic,2024-03-09 04:46:00,2024-06-14 04:46:00,50000,active,2024-03-09 04:46:00
755,755,Standard,2024-09-15 21:50:34,2025-07-12 21:50:34,100000,expired,2024-09-15 21:50:34
756,756,Basic,2024-04-27 20:45:55,2025-01-26 20:45:55,50000,active,2024-04-27 20:45:55
757,757,Standard,2024-03-12 20:27:00,2024-11-23 20:27:00,100000,active,2024-03-12 20:27:00
758,758,Standard,2024-11-30 22:18:16,2025-03-17 22:18:16,100000,active,2024-11-30 22:18:16
759,759,Basic,2025-08-03 13:32:40,2026-01-04 13:32:40,50000,active,2025-08-03 13:32:40
760,760,Premium,2024-06-11 17:51:53,2025-02-24 17:51:53,150000,active,2024-06-11 17:51:53
761,761,Standard,2024-09-20 05:59:24,2025-07-22 05:59:24,100000,active,2024-09-20 05:59:24
762,762,Standard,2024-01-13 06:37:38,2024-11-02 06:37:38,100000,active,2024-01-13 06:37:38
763,763,Standard,2024-06-30 10:25:04,2024-11-09 10:25:04,100000,active,2024-06-30 10:25:04
764,764,Basic,2025-06-26 23:03:22,2026-02-25 23:03:22,50000,expired,2025-06-26 23:03:22
765,765,Standard,2024-06-12 20:37:45,2025-02-03 20:37:45,100000,active,2024-06-12 20:37:45
766,766,Premium,2025-01-28 23:20:03,2025-11-01 23:20:03,150000,expired,2025-01-28 23:20:03
767,767,Basic,2025-01-09 01:32:07,2025-10-22 01:32:07,50000,expired,2025-01-09 01:32:07
768,768,Basic,2024-06-14 22:27:17,2025-04-25 22:27:17,50000,active,2024-06-14 22:27:17
769,769,Basic,2025-08-25 18:30:21,2025-10-08 18:30:21,50000,expired,2025-08-25 18:30:21
770,770,Premium,2024-04-24 11:55:53,2024-11-22 11:55:53,150000,active,2024-04-24 11:55:53
771,771,Standard,2024-07-30 09:10:44,2025-06-11 09:10:44,100000,expired,2024-07-30 09:10:44
772,772,Basic,2024-05-03 20:24:29,2025-03-20 20:24:29,50000,active,2024-05-03 20:24:29
773,773,Standard,2024-01-06 01:44:14,2024-02-08 01:44:14,100000,active,2024-01-06 01:44:14
774,774,Basic,2025-02-19 02:22:42,2025-12-15 02:22:42,50000,active,2025-02-19 02:22:42
775,775,Basic,2024-09-04 01:34:25,2025-03-29 01:34:25,50000,expired,2024-09-04 01:34:25
776,776,Standard,2024-05-11 07:02:54,2024-07-21 07:02:54,100000,active,2024-05-11 07:02:54
777,777,Standard,2024-07-25 06:06:00,2024-10-11 06:06:00,100000,active,2024-07-25 06:06:00
778,778,Basic,2025-05-30 17:02:01,2025-08-01 17:02:01,50000,expired,2025-05-30 17:02:01
779,779,Premium,2025-06-28 08:38:44,2025-12-04 08:38:44,150000,active,2025-06-28 08:38:44
780,780,Standard,2024-01-17 00:14:21,2024-04-12 00:14:21,100000,active,2024-01-17 00:14:21
781,781,Basic,2025-01-25 19:42:53,2025-12-24 19:42:53,50000,expired,2025-01-25 19:42:53
782,782,Premium,2025-05-08 05:14:35,2025-12-19 05:14:35,150000,expired,2025-05-08 05:14:35
783,783,Standard,2024-01-09 08:37:07,2024-12-22 08:37:07,100000,expired,2024-01-09 08:37:07
784,784,Basic,2024-09-03 12:18:59,2025-05-14 12:18:59,50000,active,2024-09-03 12:18:59
785,785,Premium,2024-03-13 20:07:50,2024-06-05 20:07:50,150000,expired,2024-03-13 20:07:50
786,786,Basic,2024-07-28 01:38:55,2024-12-04 01:38:55,50000,expired,2024-07-28 01:38:55
787,787,Basic,2024-04-12 03:29:51,2024-12-14 03:29:51,50000,expired,2024-04-12 03:29:51
788,788,Standard,2024-03-26 04:59:21,2024-10-25 04:59:21,100000,expired,2024-03-26 04:59:21
789,789,Standard,2025-09-08 15:42:22,2026-05-24 15:42:22,100000,expired,2025-09-08 15:42:22
790,790,Standard,2024-03-01 21:50:44,2024-06-06 21:50:44,100000,expired,2024-03-01 21:50:44
791,791,Standard,2024-03-27 08:03:29,2024-06-01 08:03:29,100000,active,2024-03-27 08:03:29
792,792,Basic,2025-09-18 21:16:27,2026-01-17 21:16:27,50000,expired,2025-09-18 21:16:27
793,793,Premium,2025-03-23 23:19:15,2025-06-01 23:19:15,150000,active,2025-03-23 23:19:15
794,794,Basic,2025-07-05 08:21:18,2025-12-02 08:21:18,50000,active,2025-07-05 08:21:18
795,795,Basic,2025-05-03 12:27:37,2025-12-09 12:27:37,50000,expired,2025-05-03 12:27:37
796,796,Premium,2024-11-23 07:23:17,2025-08-06 07:23:17,150000,expired,2024-11-23 07:23:17
797,797,Basic,2025-04-26 04:31:47,2026-03-15 04:31:47,50000,expired,2025-04-26 04:31:47
798,798,Standard,2024-03-14 09:26:36,2024-12-05 09:26:36,100000,active,2024-03-14 09:26:36
799,799,Basic,2025-02-15 21:03:13,2025-09-30 21:03:13,50000,active,2025-02-15 21:03:13
800,800,Premium,2024-05-26 15:30:53,2024-09-27 15:30:53,150000,active,2024-05-26 15:30:53
801,801,Premium,2024-05-01 10:27:20,2024-11-24 10:27:20,150000,expired,2024-05-01 10:27:20
802,802,Standard,2024-06-10 03:31:34,2025-04-01 03:31:34,100000,active,2024-06-10 03:31:34
803,803,Premium,2025-05-12 08:45:33,2025-08-04 08:45:33,150000,expired,2025-05-12 08:45:33
804,804,Basic,2024-03-19 04:51:29,2025-03-11 04:51:29,50000,active,2024-03-19 04:51:29
805,805,Premium,2024-07-12 11:26:55,2025-04-26 11:26:55,150000,expired,2024-07-12 11:26:55
806,806,Basic,2024-04-22 15:02:53,2024-10-03 15:02:53,50000,expired,2024-04-22 15:02:53
807,807,Premium,2024-05-29 15:47:07,2025-02-16 15:47:07,150000,active,2024-05-29 15:47:07
808,808,Standard,2025-02-07 17:37:36,2025-08-04 17:37:36,100000,active,2025-02-07 17:37:36
809,809,Premium,2025-05-28 14:55:43,2026-05-08 14:55:43,150000,active,2025-05-28 14:55:43
810,810,Premium,2024-01-10 05:27:54,2024-05-18 05:27:54,150000,expired,2024-01-10 05:27:54
811,811,Premium,2025-01-19 20:34:50,2025-03-23 20:34:50,150000,expired,2025-01-19 20:34:50
812,812,Premium,2024-07-14 00:39:49,2025-04-28 00:39:49,150000,expired,2024-07-14 00:39:49
813,813,Premium,2025-02-21 10:23:13,2025-09-16 10:23:13,150000,expired,2025-02-21 10:23:13
814,814,Basic,2025-01-12 04:04:06,2025-05-14 04:04:06,50000,active,2025-01-12 04:04:06
815,815,Standard,2025-02-11 21:32:59,2025-06-15 21:32:59,100000,active,2025-02-11 21:32:59
816,816,Basic,2024-09-11 15:52:57,2025-04-13 15:52:57,50000,active,2024-09-11 15:52:57
817,817,Premium,2024-05-13 14:37:10,2025-03-23 14:37:10,150000,expired,2024-05-13 14:37:10
818,818,Basic,2025-07-07 23:41:02,2026-01-31 23:41:02,50000,expired,2025-07-07 23:41:02
819,819,Standard,2025-05-23 09:45:18,2026-02-10 09:45:18,100000,expired,2025-05-23 09:45:18
820,820,Premium,2025-06-29 00:27:37,2026-02-12 00:27:37,150000,expired,2025-06-29 00:27:37
821,821,Basic,2024-01-13 13:44:52,2024-11-12 13:44:52,50000,expired,2024-01-13 13:44:52
822,822,Basic,2024-01-03 13:25:21,2024-06-02 13:25:21,50000,active,2024-01-03 13:25:21
823,823,Basic,2025-02-09 22:24:57,2025-08-23 22:24:57,50000,active,2025-02-09 22:24:57
824,824,Basic,2024-10-27 12:17:15,2025-01-26 12:17:15,50000,active,2024-10-27 12:17:15
825,825,Basic,2024-12-14 21:41:03,2025-11-12 21:41:03,50000,active,2024-12-14 21:41:03
826,826,Premium,2025-03-21 09:31:22,2026-03-02 09:31:22,150000,active,2025-03-21 09:31:22
827,827,Premium,2025-03-03 08:18:08,2025-06-18 08:18:08,150000,expired,2025-03-03 08:18:08
828,828,Standard,2024-04-05 00:39:11,2024-12-28 00:39:11,100000,expired,2024-04-05 00:39:11
829,829,Basic,2025-03-28 00:59:48,2026-03-14 00:59:48,50000,active,2025-03-28 00:59:48
830,830,Premium,2024-04-12 21:06:21,2024-10-21 21:06:21,150000,expired,2024-04-12 21:06:21
831,831,Premium,2024-08-13 04:28:42,2025-06-21 04:28:42,150000,active,2024-08-13 04:28:42
832,832,Standard,2024-04-30 02:50:04,2024-09-18 02:50:04,100000,expired,2024-04-30 02:50:04
833,833,Basic,2024-06-30 01:44:02,2024-09-26 01:44:02,50000,expired,2024-06-30 01:44:02
834,834,Basic,2024-06-22 00:54:40,2024-08-15 00:54:40,50000,expired,2024-06-22 00:54:40
835,835,Premium,2025-06-20 23:16:14,2025-11-19 23:16:14,150000,expired,2025-06-20 23:16:14
836,836,Basic,2025-08-28 15:00:24,2026-06-16 15:00:24,50000,expired,2025-08-28 15:00:24
837,837,Premium,2024-03-18 18:57:38,2024-05-30 18:57:38,150000,expired,2024-03-18 18:57:38
838,838,Premium,2024-03-18 06:09:45,2025-01-21 06:09:45,150000,active,2024-03-18 06:09:45
839,839,Standard,2024-02-15 11:03:06,2025-02-02 11:03:06,100000,active,2024-02-15 11:03:06
840,840,Standard,2024-04-14 16:07:16,2024-11-14 16:07:16,100000,expired,2024-04-14 16:07:16
841,841,Basic,2024-09-17 01:46:01,2024-11-08 01:46:01,50000,expired,2024-09-17 01:46:01
842,842,Basic,2025-01-05 03:15:05,2025-08-09 03:15:05,50000,expired,2025-01-05 03:15:05
843,843,Standard,2025-03-01 08:01:22,2025-06-29 08:01:22,100000,active,2025-03-01 08:01:22
844,844,Basic,2024-03-02 23:43:57,2024-06-01 23:43:57,50000,expired,2024-03-02 23:43:57
845,845,Basic,2024-02-04 21:23:55,2024-10-22 21:23:55,50000,expired,2024-02-04 21:23:55
846,846,Basic,2024-07-15 22:17:09,2024-11-12 22:17:09,50000,expired,2024-07-15 22:17:09
847,847,Standard,2025-03-29 09:49:37,2025-12-01 09:49:37,100000,active,2025-03-29 09:49:37
848,848,Basic,2025-02-18 22:57:53,2025-04-29 22:57:53,50000,expired,2025-02-18 22:57:53
849,849,Standard,2024-07-21 21:04:54,2025-05-03 21:04:54,100000,expired,2024-07-21 21:04:54
850,850,Premium,2025-04-08 09:12:23,2025-12-30 09:12:23,150000,active,2025-04-08 09:12:23
851,851,Basic,2024-05-21 22:26:46,2024-12-05 22:26:46,50000,expired,2024-05-21 22:26:46
852,852,Premium,2024-09-02 01:41:00,2025-05-19 01:41:00,150000,expired,2024-09-02 01:41:00
853,853,Premium,2024-03-09 22:31:13,2024-09-25 22:31:13,150000,expired,2024-03-09 22:31:13
854,854,Basic,2024-02-16 06:26:58,2024-04-23 06:26:58,50000,expired,2024-02-16 06:26:58
855,855,Premium,2025-04-09 12:14:51,2025-09-13 12:14:51,150000,active,2025-04-09 12:14:51
856,856,Premium,2024-09-08 12:54:11,2024-11-16 12:54:11,150000,expired,2024-09-08 12:54:11
857,857,Basic,2024-07-31 05:51:03,2024-11-04 05:51:03,50000,expired,2024-07-31 05:51:03
858,858,Premium,2024-04-22 18:09:59,2025-01-01 18:09:59,150000,expired,2024-04-22 18:09:59
859,859,Premium,2025-01-24 12:17:42,2025-08-26 12:17:42,150000,active,2025-01-24 12:17:42
860,860,Basic,2024-02-02 10:45:14,2024-06-06 10:45:14,50000,active,2024-02-02 10:45:14
861,861,Standard,2025-08-29 13:16:33,2026-01-21 13:16:33,100000,active,2025-08-29 13:16:33
862,862,Premium,2025-06-07 01:30:56,2026-04-07 01:30:56,150000,active,2025-06-07 01:30:56
863,863,Standard,2025-02-07 17:58:48,2026-02-04 17:58:48,100000,active,2025-02-07 17:58:48
864,864,Premium,2025-08-30 06:31:28,2025-10-31 06:31:28,150000,expired,2025-08-30 06:31:28
865,865,Standard,2024-12-12 08:55:04,2025-05-31 08:55:04,100000,expired,2024-12-12 08:55:04
866,866,Premium,2024-11-24 09:41:59,2025-01-06 09:41:59,150000,active,2024-11-24 09:41:59
867,867,Standard,2024-04-07 10:33:03,2024-08-30 10:33:03,100000,expired,2024-04-07 10:33:03
868,868,Basic,2024-03-09 00:34:41,2024-11-13 00:34:41,50000,active,2024-03-09 00:34:41
869,869,Standard,2025-06-06 05:12:50,2025-07-21 05:12:50,100000,expired,2025-06-06 05:12:50
870,870,Basic,2024-02-17 01:02:55,2024-08-20 01:02:55,50000,expired,2024-02-17 01:02:55
871,871,Standard,2024-10-08 23:40:06,2025-10-07 23:40:06,100000,expired,2024-10-08 23:40:06
872,872,Premium,2025-02-08 18:26:04,2025-07-19 18:26:04,150000,expired,2025-02-08 18:26:04
873,873,Premium,2024-12-23 11:07:53,2025-11-21 11:07:53,150000,expired,2024-12-23 11:07:53
874,874,Premium,2024-01-03 20:31:58,2024-04-24 20:31:58,150000,active,2024-01-03 20:31:58
875,875,Basic,2024-03-18 02:14:17,2025-02-10 02:14:17,50000,active,2024-03-18 02:14:17
876,876,Basic,2024-09-13 09:18:12,2024-12-17 09:18:12,50000,active,2024-09-13 09:18:12
877,877,Standard,2024-01-31 11:46:51,2024-04-20 11:46:51,100000,active,2024-01-31 11:46:51
878,878,Premium,2025-04-11 02:04:30,2025-08-02 02:04:30,150000,active,2025-04-11 02:04:30
879,879,Standard,2025-09-08 23:21:25,2026-04-09 23:21:25,100000,expired,2025-09-08 23:21:25
880,880,Standard,2025-08-10 00:57:33,2025-11-15 00:57:33,100000,expired,2025-08-10 00:57:33
881,881,Premium,2025-09-03 01:41:30,2026-04-21 01:41:30,150000,active,2025-09-03 01:41:30
882,882,Premium,2024-03-23 19:29:35,2024-10-10 19:29:35,150000,active,2024-03-23 19:29:35
883,883,Standard,2024-06-07 02:09:53,2025-03-07 02:09:53,100000,expired,2024-06-07 02:09:53
884,884,Basic,2024-10-04 06:57:58,2025-01-15 06:57:58,50000,expired,2024-10-04 06:57:58
885,885,Premium,2025-03-02 13:05:41,2025-08-20 13:05:41,150000,expired,2025-03-02 13:05:41
886,886,Basic,2025-01-17 03:19:32,2025-03-08 03:19:32,50000,expired,2025-01-17 03:19:32
887,887,Premium,2025-01-06 21:09:04,2025-11-13 21:09:04,150000,active,2025-01-06 21:09:04
888,888,Standard,2025-05-05 14:04:13,2025-09-27 14:04:13,100000,expired,2025-05-05 14:04:13
889,889,Premium,2025-05-19 11:23:39,2025-09-08 11:23:39,150000,expired,2025-05-19 11:23:39
890,890,Standard,2024-04-24 17:05:59,2025-04-05 17:05:59,100000,active,2024-04-24 17:05:59
891,891,Premium,2024-11-12 12:06:34,2025-02-23 12:06:34,150000,expired,2024-11-12 12:06:34
892,892,Basic,2024-08-07 08:00:00,2025-04-19 08:00:00,50000,active,2024-08-07 08:00:00
893,893,Premium,2025-05-10 19:37:47,2025-10-13 19:37:47,150000,expired,2025-05-10 19:37:47
894,894,Standard,2025-02-15 17:20:39,2025-03-21 17:20:39,100000,active,2025-02-15 17:20:39
895,895,Basic,2024-04-27 15:26:49,2024-10-05 15:26:49,50000,expired,2024-04-27 15:26:49
896,896,Standard,2025-03-05 20:51:00,2025-11-27 20:51:00,100000,active,2025-03-05 20:51:00
897,897,Basic,2024-07-27 22:51:40,2024-11-05 22:51:40,50000,active,2024-07-27 22:51:40
898,898,Standard,2024-07-29 16:51:54,2024-12-15 16:51:54,100000,expired,2024-07-29 16:51:54
899,899,Standard,2025-06-11 03:59:15,2026-01-14 03:59:15,100000,expired,2025-06-11 03:59:15
900,900,Standard,2025-08-22 13:38:36,2026-02-19 13:38:36,100000,active,2025-08-22 13:38:36
901,901,Premium,2025-01-05 12:08:05,2025-06-27 12:08:05,150000,active,2025-01-05 12:08:05
902,902,Standard,2025-03-09 13:10:24,2025-07-02 13:10:24,100000,expired,2025-03-09 13:10:24
903,903,Premium,2024-10-14 06:11:48,2025-09-05 06:11:48,150000,active,2024-10-14 06:11:48
904,904,Premium,2025-03-21 05:00:21,2026-02-26 05:00:21,150000,active,2025-03-21 05:00:21
905,905,Premium,2025-02-16 07:05:11,2025-04-09 07:05:11,150000,expired,2025-02-16 07:05:11
906,906,Standard,2024-11-29 02:56:50,2024-12-29 02:56:50,100000,active,2024-11-29 02:56:50
907,907,Standard,2025-04-12 00:05:38,2025-07-11 00:05:38,100000,expired,2025-04-12 00:05:38
908,908,Basic,2024-08-26 03:59:51,2024-11-16 03:59:51,50000,expired,2024-08-26 03:59:51
909,909,Basic,2024-06-13 01:20:06,2024-12-28 01:20:06,50000,expired,2024-06-13 01:20:06
910,910,Basic,2025-05-13 21:39:52,2026-02-05 21:39:52,50000,active,2025-05-13 21:39:52
911,911,Premium,2024-04-11 22:12:45,2025-02-17 22:12:45,150000,expired,2024-04-11 22:12:45
912,912,Basic,2024-11-01 10:43:37,2025-05-13 10:43:37,50000,expired,2024-11-01 10:43:37
913,913,Premium,2025-01-04 11:56:55,2025-10-10 11:56:55,150000,expired,2025-01-04 11:56:55
914,914,Premium,2025-06-24 05:56:46,2026-01-04 05:56:46,150000,expired,2025-06-24 05:56:46
915,915,Premium,2024-08-20 02:11:01,2025-03-21 02:11:01,150000,expired,2024-08-20 02:11:01
916,916,Premium,2024-02-07 00:55:23,2024-07-13 00:55:23,150000,active,2024-02-07 00:55:23
917,917,Basic,2025-03-02 07:02:38,2025-11-03 07:02:38,50000,active,2025-03-02 07:02:38
918,918,Standard,2025-02-05 07:59:22,2025-07-11 07:59:22,100000,active,2025-02-05 07:59:22
919,919,Basic,2024-12-05 19:18:52,2025-03-02 19:18:52,50000,expired,2024-12-05 19:18:52
920,920,Standard,2025-06-01 23:21:58,2026-02-28 23:21:58,100000,active,2025-06-01 23:21:58
921,921,Basic,2024-11-21 15:58:42,2025-02-26 15:58:42,50000,expired,2024-11-21 15:58:42
922,922,Premium,2024-02-10 14:44:10,2024-04-11 14:44:10,150000,active,2024-02-10 14:44:10
923,923,Basic,2025-07-18 19:46:22,2026-05-20 19:46:22,50000,active,2025-07-18 19:46:22
924,924,Standard,2024-06-22 00:34:59,2024-11-28 00:34:59,100000,expired,2024-06-22 00:34:59
925,925,Premium,2024-06-03 22:19:20,2024-09-19 22:19:20,150000,active,2024-06-03 22:19:20
926,926,Standard,2025-05-24 09:06:23,2026-05-11 09:06:23,100000,expired,2025-05-24 09:06:23
927,927,Standard,2025-05-13 04:16:19,2025-07-22 04:16:19,100000,expired,2025-05-13 04:16:19
928,928,Basic,2025-07-20 06:17:24,2025-09-17 06:17:24,50000,active,2025-07-20 06:17:24
929,929,Basic,2024-11-27 20:49:11,2025-08-05 20:49:11,50000,expired,2024-11-27 20:49:11
930,930,Premium,2024-07-04 13:06:17,2025-06-17 13:06:17,150000,expired,2024-07-04 13:06:17
931,931,Standard,2024-10-11 01:19:18,2025-08-10 01:19:18,100000,active,2024-10-11 01:19:18
932,932,Standard,2024-07-18 10:27:24,2024-12-16 10:27:24,100000,active,2024-07-18 10:27:24
933,933,Basic,2024-01-12 03:31:02,2024-10-20 03:31:02,50000,active,2024-01-12 03:31:02
934,934,Standard,2025-02-15 21:41:28,2025-12-04 21:41:28,100000,active,2025-02-15 21:41:28
935,935,Standard,2025-03-15 14:19:18,2025-05-18 14:19:18,100000,expired,2025-03-15 14:19:18
936,936,Basic,2025-09-02 15:19:27,2025-10-29 15:19:27,50000,active,2025-09-02 15:19:27
937,937,Basic,2024-02-22 20:23:51,2024-12-07 20:23:51,50000,expired,2024-02-22 20:23:51
938,938,Premium,2025-02-23 11:40:56,2025-07-30 11:40:56,150000,active,2025-02-23 11:40:56
939,939,Basic,2025-02-27 01:41:26,2026-01-05 01:41:26,50000,expired,2025-02-27 01:41:26
940,940,Basic,2024-08-12 03:16:10,2025-03-01 03:16:10,50000,expired,2024-08-12 03:16:10
941,941,Premium,2024-01-30 06:52:46,2024-05-05 06:52:46,150000,expired,2024-01-30 06:52:46
942,942,Premium,2024-06-01 01:34:26,2025-05-11 01:34:26,150000,active,2024-06-01 01:34:26
943,943,Basic,2024-03-23 11:29:12,2024-10-16 11:29:12,50000,expired,2024-03-23 11:29:12
944,944,Standard,2025-06-04 08:16:22,2026-04-30 08:16:22,100000,expired,2025-06-04 08:16:22
945,945,Standard,2025-07-23 22:01:46,2026-01-26 22:01:46,100000,active,2025-07-23 22:01:46
946,946,Basic,2025-01-11 13:38:09,2025-06-03 13:38:09,50000,active,2025-01-11 13:38:09
947,947,Premium,2024-10-26 18:29:52,2025-05-01 18:29:52,150000,active,2024-10-26 18:29:52
948,948,Standard,2024-06-15 10:09:48,2024-08-16 10:09:48,100000,active,2024-06-15 10:09:48
949,949,Premium,2024-07-06 05:00:32,2024-08-22 05:00:32,150000,active,2024-07-06 05:00:32
950,950,Standard,2025-01-08 07:37:16,2025-12-08 07:37:16,100000,active,2025-01-08 07:37:16
951,951,Premium,2024-06-17 02:08:07,2025-05-05 02:08:07,150000,expired,2024-06-17 02:08:07
952,952,Basic,2024-01-02 01:29:20,2024-12-15 01:29:20,50000,active,2024-01-02 01:29:20
953,953,Standard,2024-02-25 17:21:41,2024-08-21 17:21:41,100000,expired,2024-02-25 17:21:41
954,954,Premium,2024-07-14 07:14:28,2025-05-25 07:14:28,150000,active,2024-07-14 07:14:28
955,955,Standard,2025-05-26 05:52:11,2026-04-08 05:52:11,100000,expired,2025-05-26 05:52:11
956,956,Premium,2024-08-11 03:03:47,2024-12-28 03:03:47,150000,active,2024-08-11 03:03:47
957,957,Standard,2024-05-27 00:49:06,2024-10-16 00:49:06,100000,active,2024-05-27 00:49:06
958,958,Premium,2025-02-12 14:51:40,2025-08-25 14:51:40,150000,expired,2025-02-12 14:51:40
959,959,Standard,2024-10-10 22:46:28,2025-10-03 22:46:28,100000,expired,2024-10-10 22:46:28
960,960,Basic,2024-08-11 10:50:45,2025-03-05 10:50:45,50000,expired,2024-08-11 10:50:45
961,961,Basic,2024-11-25 02:25:16,2025-08-28 02:25:16,50000,active,2024-11-25 02:25:16
962,962,Basic,2024-01-15 19:24:13,2024-11-03 19:24:13,50000,active,2024-01-15 19:24:13
963,963,Standard,2025-05-07 01:00:55,2025-08-29 01:00:55,100000,expired,2025-05-07 01:00:55
964,964,Basic,2024-03-08 09:59:06,2024-09-17 09:59:06,50000,active,2024-03-08 09:59:06
965,965,Premium,2025-02-22 19:31:30,2026-01-18 19:31:30,150000,active,2025-02-22 19:31:30
966,966,Basic,2025-04-07 14:20:24,2026-03-18 14:20:24,50000,expired,2025-04-07 14:20:24
967,967,Basic,2024-01-30 20:20:15,2024-10-29 20:20:15,50000,active,2024-01-30 20:20:15
968,968,Standard,2024-06-18 08:10:35,2025-02-12 08:10:35,100000,expired,2024-06-18 08:10:35
969,969,Premium,2024-09-05 17:56:15,2025-08-11 17:56:15,150000,expired,2024-09-05 17:56:15
970,970,Basic,2024-12-22 08:25:05,2025-12-07 08:25:05,50000,active,2024-12-22 08:25:05
971,971,Premium,2025-01-03 10:25:53,2025-05-18 10:25:53,150000,active,2025-01-03 10:25:53
972,972,Premium,2024-04-24 13:00:22,2024-11-10 13:00:22,150000,active,2024-04-24 13:00:22
973,973,Basic,2024-09-27 14:28:41,2025-09-23 14:28:41,50000,active,2024-09-27 14:28:41
974,974,Premium,2024-03-29 12:09:29,2024-10-08 12:09:29,150000,expired,2024-03-29 12:09:29
975,975,Standard,2025-05-25 05:27:52,2025-10-30 05:27:52,100000,expired,2025-05-25 05:27:52
976,976,Standard,2024-10-31 21:48:25,2025-05-23 21:48:25,100000,expired,2024-10-31 21:48:25
977,977,Premium,2025-08-07 23:15:27,2025-11-20 23:15:27,150000,active,2025-08-07 23:15:27
978,978,Standard,2024-01-12 03:38:17,2024-02-26 03:38:17,100000,expired,2024-01-12 03:38:17
979,979,Premium,2024-06-02 23:41:29,2025-01-13 23:41:29,150000,active,2024-06-02 23:41:29
980,980,Standard,2025-08-30 09:36:27,2026-06-02 09:36:27,100000,active,2025-08-30 09:36:27
981,981,Standard,2025-05-22 06:09:11,2025-10-27 06:09:11,100000,expired,2025-05-22 06:09:11
982,982,Standard,2024-09-17 00:54:20,2025-08-07 00:54:20,100000,expired,2024-09-17 00:54:20
983,983,Standard,2024-10-19 15:13:30,2025-09-30 15:13:30,100000,active,2024-10-19 15:13:30
984,984,Basic,2024-08-21 23:32:45,2024-12-24 23:32:45,50000,expired,2024-08-21 23:32:45
985,985,Standard,2025-06-03 02:20:59,2026-04-01 02:20:59,100000,expired,2025-06-03 02:20:59
986,986,Standard,2024-08-10 04:42:22,2025-02-14 04:42:22,100000,expired,2024-08-10 04:42:22
987,987,Basic,2025-04-02 05:36:16,2026-01-06 05:36:16,50000,expired,2025-04-02 05:36:16
988,988,Premium,2024-02-19 01:36:55,2024-06-16 01:36:55,150000,active,2024-02-19 01:36:55
989,989,Premium,2025-06-17 13:46:19,2026-04-06 13:46:19,150000,active,2025-06-17 13:46:19
990,990,Standard,2024-07-02 01:04:47,2025-04-10 01:04:47,100000,active,2024-07-02 01:04:47
991,991,Premium,2025-05-10 00:32:17,2025-10-17 00:32:17,150000,expired,2025-05-10 00:32:17
992,992,Standard,2025-04-03 18:07:24,2025-10-04 18:07:24,100000,active,2025-04-03 18:07:24
993,993,Premium,2024-09-01 19:40:56,2025-04-02 19:40:56,150000,active,2024-09-01 19:40:56
994,994,Basic,2025-04-15 02:02:14,2025-09-10 02:02:14,50000,active,2025-04-15 02:02:14
995,995,Premium,2024-02-18 13:46:16,2024-05-16 13:46:16,150000,expired,2024-02-18 13:46:16
996,996,Standard,2025-09-13 22:00:54,2026-05-17 22:00:54,100000,expired,2025-09-13 22:00:54
997,997,Standard,2024-10-30 09:32:53,2025-04-28 09:32:53,100000,active,2024-10-30 09:32:53
998,998,Premium,2025-02-08 19:53:26,2025-05-20 19:53:26,150000,expired,2025-02-08 19:53:26
999,999,Premium,2025-06-10 20:39:58,2025-12-31 20:39:58,150000,active,2025-06-10 20:39:58
1000,1000,Premium,2024-08-06 08:01:43,2025-06-13 08:01:43,150000,active,2024-08-06 08:01:43
